id,production_line,plant,product_id,production_cost,inventory_cost
1,JAC_L1,Jacarei,H2OH_Limao,11.91,0.3396
2,JAC_L1,Jacarei,Brahma_Lata,11.43,0.3093
3,JAC_L1,Jacarei,Schweppes_Citrus,11.75,0.3967
4,JAC_L1,Jacarei,Sukita_Laranja,11.44,0.3223
5,JAC_L1,Jacarei,Del_Valle_Uva,11.47,0.3598
6,JAC_L1,Jacarei,Spaten_Lata,7.89,0.3159
7,JAC_L1,Jacarei,Heineken_Lata,9.45,0.3903
8,JAC_L1,Jacarei,Del_Valle_Laranja,13.44,0.3047
9,JAC_L1,Jacarei,Amstel_Lata,10.09,0.3448
10,JAC_L1,Jacarei,Pepsi,12.06,0.3703
11,JAC_L1,Jacarei,Coca_Cola,12.01,0.3374
12,JAC_L1,Jacarei,Stella_Artois_Pure_Gold,10.06,0.4153
13,JAC_L1,Jacarei,Itaipava_Lata,9.27,0.2823
14,JAC_L1,Jacarei,Fanta_Uva,12.82,0.3264
15,JAC_L1,Jacarei,Del_Valle_Pessego,11.19,0.3289
16,JAC_L1,Jacarei,Sprite_Zero,11.25,0.305
17,JAC_L1,Jacarei,Skol_Lata,11.55,0.3317
18,JAC_L1,Jacarei,Guarana_Antarctica,11.23,0.3786
19,JAC_L1,Jacarei,Eisenbahn_Pilsen,10.7,0.2793
20,JAC_L1,Jacarei,Kuat,11.15,0.3459
21,JAC_L1,Jacarei,Pepsi_Black,9.88,0.2653
22,JAC_L1,Jacarei,Sprite,8.48,0.3974
23,JAC_L1,Jacarei,Coca_Cola_Zero,12.79,0.3517
24,JAC_L1,Jacarei,Itubaina,10.72,0.3363
25,JAC_L1,Jacarei,Guarana_Antarctica_Zero,11.71,0.339
26,JAC_L1,Jacarei,Budweiser_Lata,7.71,0.2715
27,JAC_L1,Jacarei,Fanta_Laranja,10.17,0.3445
28,JAC_L1,Jacarei,Antarctica_Lata,10.2,0.3605
29,JAC_L1,Jacarei,Maguary_Caju,10.94,0.3392
30,JAC_L1,Jacarei,Maguary_Maracuja,10.88,0.4441
31,JAC_L2,Jacarei,H2OH_Limao,11.27,0.3264
32,JAC_L2,Jacarei,Brahma_Lata,9.66,0.3137
33,JAC_L2,Jacarei,Schweppes_Citrus,11.1,0.3052
34,JAC_L2,Jacarei,Sukita_Laranja,10.68,0.3375
35,JAC_L2,Jacarei,Del_Valle_Uva,10.3,0.3517
36,JAC_L2,Jacarei,Spaten_Lata,9.83,0.3165
37,JAC_L2,Jacarei,Heineken_Lata,9.88,0.3044
38,JAC_L2,Jacarei,Del_Valle_Laranja,10.72,0.3488
39,JAC_L2,Jacarei,Amstel_Lata,9.48,0.3571
40,JAC_L2,Jacarei,Pepsi,12.62,0.3922
41,JAC_L2,Jacarei,Coca_Cola,9.73,0.3178
42,JAC_L2,Jacarei,Stella_Artois_Pure_Gold,9.78,0.2833
43,JAC_L2,Jacarei,Itaipava_Lata,9.09,0.3938
44,JAC_L2,Jacarei,Fanta_Uva,11.23,0.3993
45,JAC_L2,Jacarei,Del_Valle_Pessego,13.45,0.3801
46,JAC_L2,Jacarei,Sprite_Zero,12.17,0.3352
47,JAC_L2,Jacarei,Skol_Lata,11.15,0.3681
48,JAC_L2,Jacarei,Guarana_Antarctica,11.72,0.3376
49,JAC_L2,Jacarei,Eisenbahn_Pilsen,11.65,0.3755
50,JAC_L2,Jacarei,Kuat,12.17,0.3902
51,JAC_L2,Jacarei,Pepsi_Black,8.76,0.3955
52,JAC_L2,Jacarei,Sprite,10.0,0.3985
53,JAC_L2,Jacarei,Coca_Cola_Zero,10.18,0.3411
54,JAC_L2,Jacarei,Itubaina,10.46,0.3615
55,JAC_L2,Jacarei,Guarana_Antarctica_Zero,11.47,0.3468
56,JAC_L2,Jacarei,Budweiser_Lata,11.21,0.3189
57,JAC_L2,Jacarei,Fanta_Laranja,8.61,0.3137
58,JAC_L2,Jacarei,Antarctica_Lata,11.52,0.3323
59,JAC_L2,Jacarei,Maguary_Caju,11.07,0.3128
60,JAC_L2,Jacarei,Maguary_Maracuja,9.35,0.3041
61,JAC_L3,Jacarei,H2OH_Limao,9.95,0.3128
62,JAC_L3,Jacarei,Brahma_Lata,10.18,0.4046
63,JAC_L3,Jacarei,Schweppes_Citrus,10.78,0.2937
64,JAC_L3,Jacarei,Sukita_Laranja,11.81,0.3324
65,JAC_L3,Jacarei,Del_Valle_Uva,10.22,0.314
66,JAC_L3,Jacarei,Spaten_Lata,9.97,0.3221
67,JAC_L3,Jacarei,Heineken_Lata,9.8,0.2944
68,JAC_L3,Jacarei,Del_Valle_Laranja,10.62,0.2677
69,JAC_L3,Jacarei,Amstel_Lata,11.21,0.3443
70,JAC_L3,Jacarei,Pepsi,10.47,0.3068
71,JAC_L3,Jacarei,Coca_Cola,10.9,0.3655
72,JAC_L3,Jacarei,Stella_Artois_Pure_Gold,11.72,0.3186
73,JAC_L3,Jacarei,Itaipava_Lata,11.34,0.3271
74,JAC_L3,Jacarei,Fanta_Uva,9.45,0.3107
75,JAC_L3,Jacarei,Del_Valle_Pessego,11.22,0.3288
76,JAC_L3,Jacarei,Sprite_Zero,11.65,0.3446
77,JAC_L3,Jacarei,Skol_Lata,10.23,0.3326
78,JAC_L3,Jacarei,Guarana_Antarctica,7.88,0.29
79,JAC_L3,Jacarei,Eisenbahn_Pilsen,11.25,0.3127
80,JAC_L3,Jacarei,Kuat,11.94,0.3067
81,JAC_L3,Jacarei,Pepsi_Black,10.77,0.2888
82,JAC_L3,Jacarei,Sprite,12.78,0.3257
83,JAC_L3,Jacarei,Coca_Cola_Zero,10.31,0.3018
84,JAC_L3,Jacarei,Itubaina,9.46,0.281
85,JAC_L3,Jacarei,Guarana_Antarctica_Zero,10.74,0.3304
86,JAC_L3,Jacarei,Budweiser_Lata,9.99,0.3766
87,JAC_L3,Jacarei,Fanta_Laranja,10.56,0.3187
88,JAC_L3,Jacarei,Antarctica_Lata,10.54,0.3611
89,JAC_L3,Jacarei,Maguary_Caju,11.96,0.3765
90,JAC_L3,Jacarei,Maguary_Maracuja,12.62,0.3179
91,EXT_L1,Extrema,H2OH_Limao,12.85,0.398
92,EXT_L1,Extrema,Brahma_Lata,10.62,0.3394
93,EXT_L1,Extrema,Schweppes_Citrus,10.47,0.4218
94,EXT_L1,Extrema,Sukita_Laranja,10.94,0.3015
95,EXT_L1,Extrema,Del_Valle_Uva,9.37,0.3618
96,EXT_L1,Extrema,Spaten_Lata,10.31,0.3181
97,EXT_L1,Extrema,Heineken_Lata,10.38,0.389
98,EXT_L1,Extrema,Del_Valle_Laranja,11.05,0.393
99,EXT_L1,Extrema,Amstel_Lata,9.75,0.3605
100,EXT_L1,Extrema,Pepsi,11.2,0.3457
101,EXT_L1,Extrema,Coca_Cola,11.27,0.3372
102,EXT_L1,Extrema,Stella_Artois_Pure_Gold,9.92,0.3546
103,EXT_L1,Extrema,Itaipava_Lata,9.61,0.3394
104,EXT_L1,Extrema,Fanta_Uva,9.24,0.3103
105,EXT_L1,Extrema,Del_Valle_Pessego,8.88,0.3073
106,EXT_L1,Extrema,Sprite_Zero,10.78,0.2822
107,EXT_L1,Extrema,Skol_Lata,11.21,0.3946
108,EXT_L1,Extrema,Guarana_Antarctica,10.58,0.3927
109,EXT_L1,Extrema,Eisenbahn_Pilsen,11.1,0.3495
110,EXT_L1,Extrema,Kuat,10.4,0.3564
111,EXT_L1,Extrema,Pepsi_Black,9.89,0.3438
112,EXT_L1,Extrema,Sprite,12.41,0.3759
113,EXT_L1,Extrema,Coca_Cola_Zero,9.8,0.3082
114,EXT_L1,Extrema,Itubaina,8.38,0.3492
115,EXT_L1,Extrema,Guarana_Antarctica_Zero,8.79,0.3801
116,EXT_L1,Extrema,Budweiser_Lata,11.39,0.2819
117,EXT_L1,Extrema,Fanta_Laranja,9.62,0.3143
118,EXT_L1,Extrema,Antarctica_Lata,10.33,0.354
119,EXT_L1,Extrema,Maguary_Caju,13.41,0.3525
120,EXT_L1,Extrema,Maguary_Maracuja,9.77,0.3205
121,EXT_L2,Extrema,H2OH_Limao,8.67,0.3032
122,EXT_L2,Extrema,Brahma_Lata,9.99,0.3313
123,EXT_L2,Extrema,Schweppes_Citrus,11.13,0.3911
124,EXT_L2,Extrema,Sukita_Laranja,11.01,0.2956
125,EXT_L2,Extrema,Del_Valle_Uva,9.91,0.3762
126,EXT_L2,Extrema,Spaten_Lata,10.61,0.3412
127,EXT_L2,Extrema,Heineken_Lata,12.49,0.3149
128,EXT_L2,Extrema,Del_Valle_Laranja,10.85,0.3578
129,EXT_L2,Extrema,Amstel_Lata,10.56,0.3616
130,EXT_L2,Extrema,Pepsi,10.91,0.3359
131,EXT_L2,Extrema,Coca_Cola,10.83,0.363
132,EXT_L2,Extrema,Stella_Artois_Pure_Gold,11.04,0.2993
133,EXT_L2,Extrema,Itaipava_Lata,10.95,0.3589
134,EXT_L2,Extrema,Fanta_Uva,12.67,0.3002
135,EXT_L2,Extrema,Del_Valle_Pessego,9.18,0.3452
136,EXT_L2,Extrema,Sprite_Zero,12.28,0.4373
137,EXT_L2,Extrema,Skol_Lata,11.86,0.3376
138,EXT_L2,Extrema,Guarana_Antarctica,9.65,0.3776
139,EXT_L2,Extrema,Eisenbahn_Pilsen,10.47,0.3158
140,EXT_L2,Extrema,Kuat,11.64,0.3551
141,EXT_L2,Extrema,Pepsi_Black,9.86,0.3766
142,EXT_L2,Extrema,Sprite,9.59,0.3215
143,EXT_L2,Extrema,Coca_Cola_Zero,8.57,0.4194
144,EXT_L2,Extrema,Itubaina,9.86,0.3048
145,EXT_L2,Extrema,Guarana_Antarctica_Zero,9.98,0.2921
146,EXT_L2,Extrema,Budweiser_Lata,9.68,0.3818
147,EXT_L2,Extrema,Fanta_Laranja,9.01,0.4308
148,EXT_L2,Extrema,Antarctica_Lata,9.21,0.3305
149,EXT_L2,Extrema,Maguary_Caju,10.95,0.3671
150,EXT_L2,Extrema,Maguary_Maracuja,9.92,0.3551
151,EXT_L3,Extrema,H2OH_Limao,10.98,0.3347
152,EXT_L3,Extrema,Brahma_Lata,9.31,0.2964
153,EXT_L3,Extrema,Schweppes_Citrus,11.11,0.3211
154,EXT_L3,Extrema,Sukita_Laranja,12.38,0.3592
155,EXT_L3,Extrema,Del_Valle_Uva,10.91,0.3529
156,EXT_L3,Extrema,Spaten_Lata,9.41,0.3388
157,EXT_L3,Extrema,Heineken_Lata,8.93,0.3949
158,EXT_L3,Extrema,Del_Valle_Laranja,10.69,0.3083
159,EXT_L3,Extrema,Amstel_Lata,9.21,0.3711
160,EXT_L3,Extrema,Pepsi,10.85,0.3663
161,EXT_L3,Extrema,Coca_Cola,10.15,0.2757
162,EXT_L3,Extrema,Stella_Artois_Pure_Gold,11.05,0.2658
163,EXT_L3,Extrema,Itaipava_Lata,9.01,0.366
164,EXT_L3,Extrema,Fanta_Uva,10.68,0.3417
165,EXT_L3,Extrema,Del_Valle_Pessego,10.09,0.3507
166,EXT_L3,Extrema,Sprite_Zero,9.28,0.3669
167,EXT_L3,Extrema,Skol_Lata,11.16,0.3607
168,EXT_L3,Extrema,Guarana_Antarctica,9.67,0.3541
169,EXT_L3,Extrema,Eisenbahn_Pilsen,10.34,0.3968
170,EXT_L3,Extrema,Kuat,10.94,0.3051
171,EXT_L3,Extrema,Pepsi_Black,11.29,0.3147
172,EXT_L3,Extrema,Sprite,10.88,0.3209
173,EXT_L3,Extrema,Coca_Cola_Zero,10.14,0.3028
174,EXT_L3,Extrema,Itubaina,11.25,0.4067
175,EXT_L3,Extrema,Guarana_Antarctica_Zero,9.81,0.3738
176,EXT_L3,Extrema,Budweiser_Lata,8.95,0.381
177,EXT_L3,Extrema,Fanta_Laranja,9.93,0.3375
178,EXT_L3,Extrema,Antarctica_Lata,11.07,0.3985
179,EXT_L3,Extrema,Maguary_Caju,12.46,0.3687
180,EXT_L3,Extrema,Maguary_Maracuja,8.89,0.3255
181,TRE_L1,Tres Rios,H2OH_Limao,11.65,0.2997
182,TRE_L1,Tres Rios,Brahma_Lata,11.78,0.3954
183,TRE_L1,Tres Rios,Schweppes_Citrus,13.61,0.3722
184,TRE_L1,Tres Rios,Sukita_Laranja,12.63,0.3505
185,TRE_L1,Tres Rios,Del_Valle_Uva,11.73,0.3825
186,TRE_L1,Tres Rios,Spaten_Lata,9.28,0.3323
187,TRE_L1,Tres Rios,Heineken_Lata,11.09,0.3831
188,TRE_L1,Tres Rios,Del_Valle_Laranja,11.18,0.4495
189,TRE_L1,Tres Rios,Amstel_Lata,9.63,0.3605
190,TRE_L1,Tres Rios,Pepsi,10.42,0.3719
191,TRE_L1,Tres Rios,Coca_Cola,12.04,0.3262
192,TRE_L1,Tres Rios,Stella_Artois_Pure_Gold,8.96,0.2997
193,TRE_L1,Tres Rios,Itaipava_Lata,10.97,0.3087
194,TRE_L1,Tres Rios,Fanta_Uva,11.59,0.2909
195,TRE_L1,Tres Rios,Del_Valle_Pessego,9.39,0.4186
196,TRE_L1,Tres Rios,Sprite_Zero,11.19,0.344
197,TRE_L1,Tres Rios,Skol_Lata,11.91,0.3548
198,TRE_L1,Tres Rios,Guarana_Antarctica,10.64,0.3446
199,TRE_L1,Tres Rios,Eisenbahn_Pilsen,11.46,0.3346
200,TRE_L1,Tres Rios,Kuat,9.25,0.3345
201,TRE_L1,Tres Rios,Pepsi_Black,12.57,0.3303
202,TRE_L1,Tres Rios,Sprite,10.59,0.3774
203,TRE_L1,Tres Rios,Coca_Cola_Zero,10.77,0.3333
204,TRE_L1,Tres Rios,Itubaina,9.24,0.4062
205,TRE_L1,Tres Rios,Guarana_Antarctica_Zero,11.6,0.3629
206,TRE_L1,Tres Rios,Budweiser_Lata,10.07,0.4043
207,TRE_L1,Tres Rios,Fanta_Laranja,11.01,0.3592
208,TRE_L1,Tres Rios,Antarctica_Lata,9.64,0.3499
209,TRE_L1,Tres Rios,Maguary_Caju,11.1,0.39
210,TRE_L1,Tres Rios,Maguary_Maracuja,8.04,0.3413
211,TRE_L2,Tres Rios,H2OH_Limao,10.8,0.2892
212,TRE_L2,Tres Rios,Brahma_Lata,7.98,0.3839
213,TRE_L2,Tres Rios,Schweppes_Citrus,11.58,0.3218
214,TRE_L2,Tres Rios,Sukita_Laranja,12.68,0.2968
215,TRE_L2,Tres Rios,Del_Valle_Uva,10.77,0.3864
216,TRE_L2,Tres Rios,Spaten_Lata,11.85,0.3554
217,TRE_L2,Tres Rios,Heineken_Lata,10.46,0.3106
218,TRE_L2,Tres Rios,Del_Valle_Laranja,13.91,0.3108
219,TRE_L2,Tres Rios,Amstel_Lata,9.92,0.3038
220,TRE_L2,Tres Rios,Pepsi,10.34,0.3814
221,TRE_L2,Tres Rios,Coca_Cola,11.32,0.2613
222,TRE_L2,Tres Rios,Stella_Artois_Pure_Gold,9.41,0.3362
223,TRE_L2,Tres Rios,Itaipava_Lata,11.34,0.2619
224,TRE_L2,Tres Rios,Fanta_Uva,10.47,0.3693
225,TRE_L2,Tres Rios,Del_Valle_Pessego,8.54,0.3724
226,TRE_L2,Tres Rios,Sprite_Zero,9.4,0.2413
227,TRE_L2,Tres Rios,Skol_Lata,10.56,0.3319
228,TRE_L2,Tres Rios,Guarana_Antarctica,10.43,0.3867
229,TRE_L2,Tres Rios,Eisenbahn_Pilsen,11.99,0.3506
230,TRE_L2,Tres Rios,Kuat,12.55,0.3434
231,TRE_L2,Tres Rios,Pepsi_Black,13.58,0.3335
232,TRE_L2,Tres Rios,Sprite,11.67,0.3991
233,TRE_L2,Tres Rios,Coca_Cola_Zero,10.02,0.3752
234,TRE_L2,Tres Rios,Itubaina,11.38,0.3554
235,TRE_L2,Tres Rios,Guarana_Antarctica_Zero,9.79,0.2971
236,TRE_L2,Tres Rios,Budweiser_Lata,12.67,0.3705
237,TRE_L2,Tres Rios,Fanta_Laranja,10.58,0.3405
238,TRE_L2,Tres Rios,Antarctica_Lata,10.9,0.3068
239,TRE_L2,Tres Rios,Maguary_Caju,10.61,0.405
240,TRE_L2,Tres Rios,Maguary_Maracuja,8.13,0.3121
241,TRE_L3,Tres Rios,H2OH_Limao,7.89,0.3047
242,TRE_L3,Tres Rios,Brahma_Lata,11.67,0.3198
243,TRE_L3,Tres Rios,Schweppes_Citrus,10.16,0.2869
244,TRE_L3,Tres Rios,Sukita_Laranja,7.72,0.385
245,TRE_L3,Tres Rios,Del_Valle_Uva,9.09,0.3845
246,TRE_L3,Tres Rios,Spaten_Lata,11.38,0.3024
247,TRE_L3,Tres Rios,Heineken_Lata,10.12,0.3542
248,TRE_L3,Tres Rios,Del_Valle_Laranja,11.76,0.3142
249,TRE_L3,Tres Rios,Amstel_Lata,9.26,0.3209
250,TRE_L3,Tres Rios,Pepsi,8.94,0.2928
251,TRE_L3,Tres Rios,Coca_Cola,10.47,0.4519
252,TRE_L3,Tres Rios,Stella_Artois_Pure_Gold,12.48,0.3911
253,TRE_L3,Tres Rios,Itaipava_Lata,12.64,0.3396
254,TRE_L3,Tres Rios,Fanta_Uva,11.51,0.337
255,TRE_L3,Tres Rios,Del_Valle_Pessego,11.5,0.3044
256,TRE_L3,Tres Rios,Sprite_Zero,10.51,0.2818
257,TRE_L3,Tres Rios,Skol_Lata,11.39,0.4378
258,TRE_L3,Tres Rios,Guarana_Antarctica,9.99,0.3394
259,TRE_L3,Tres Rios,Eisenbahn_Pilsen,12.4,0.3337
260,TRE_L3,Tres Rios,Kuat,10.26,0.3542
261,TRE_L3,Tres Rios,Pepsi_Black,9.95,0.4061
262,TRE_L3,Tres Rios,Sprite,11.31,0.3199
263,TRE_L3,Tres Rios,Coca_Cola_Zero,9.13,0.3935
264,TRE_L3,Tres Rios,Itubaina,10.31,0.3759
265,TRE_L3,Tres Rios,Guarana_Antarctica_Zero,11.08,0.3996
266,TRE_L3,Tres Rios,Budweiser_Lata,8.18,0.3528
267,TRE_L3,Tres Rios,Fanta_Laranja,8.69,0.3716
268,TRE_L3,Tres Rios,Antarctica_Lata,8.08,0.3311
269,TRE_L3,Tres Rios,Maguary_Caju,10.42,0.3746
270,TRE_L3,Tres Rios,Maguary_Maracuja,10.86,0.365
271,ALA_L1,Alagoinhas,H2OH_Limao,11.07,0.3634
272,ALA_L1,Alagoinhas,Brahma_Lata,9.59,0.3636
273,ALA_L1,Alagoinhas,Schweppes_Citrus,10.31,0.3274
274,ALA_L1,Alagoinhas,Sukita_Laranja,10.05,0.3918
275,ALA_L1,Alagoinhas,Del_Valle_Uva,9.9,0.2599
276,ALA_L1,Alagoinhas,Spaten_Lata,10.31,0.358
277,ALA_L1,Alagoinhas,Heineken_Lata,12.39,0.4079
278,ALA_L1,Alagoinhas,Del_Valle_Laranja,8.91,0.4112
279,ALA_L1,Alagoinhas,Amstel_Lata,11.13,0.3132
280,ALA_L1,Alagoinhas,Pepsi,10.56,0.3117
281,ALA_L1,Alagoinhas,Coca_Cola,9.38,0.2737
282,ALA_L1,Alagoinhas,Stella_Artois_Pure_Gold,11.06,0.2976
283,ALA_L1,Alagoinhas,Itaipava_Lata,12.07,0.2828
284,ALA_L1,Alagoinhas,Fanta_Uva,8.88,0.2991
285,ALA_L1,Alagoinhas,Del_Valle_Pessego,10.37,0.3759
286,ALA_L1,Alagoinhas,Sprite_Zero,9.82,0.307
287,ALA_L1,Alagoinhas,Skol_Lata,9.57,0.3699
288,ALA_L1,Alagoinhas,Guarana_Antarctica,10.72,0.3846
289,ALA_L1,Alagoinhas,Eisenbahn_Pilsen,9.89,0.3277
290,ALA_L1,Alagoinhas,Kuat,11.83,0.3626
291,ALA_L1,Alagoinhas,Pepsi_Black,12.92,0.4314
292,ALA_L1,Alagoinhas,Sprite,11.01,0.3617
293,ALA_L1,Alagoinhas,Coca_Cola_Zero,9.42,0.3169
294,ALA_L1,Alagoinhas,Itubaina,12.33,0.2989
295,ALA_L1,Alagoinhas,Guarana_Antarctica_Zero,12.05,0.4188
296,ALA_L1,Alagoinhas,Budweiser_Lata,9.23,0.3296
297,ALA_L1,Alagoinhas,Fanta_Laranja,11.4,0.4371
298,ALA_L1,Alagoinhas,Antarctica_Lata,8.92,0.4035
299,ALA_L1,Alagoinhas,Maguary_Caju,12.32,0.3973
300,ALA_L1,Alagoinhas,Maguary_Maracuja,11.61,0.3509
301,ALA_L2,Alagoinhas,H2OH_Limao,9.43,0.3222
302,ALA_L2,Alagoinhas,Brahma_Lata,8.71,0.3498
303,ALA_L2,Alagoinhas,Schweppes_Citrus,9.73,0.3862
304,ALA_L2,Alagoinhas,Sukita_Laranja,11.62,0.3463
305,ALA_L2,Alagoinhas,Del_Valle_Uva,10.07,0.3524
306,ALA_L2,Alagoinhas,Spaten_Lata,9.38,0.2636
307,ALA_L2,Alagoinhas,Heineken_Lata,12.97,0.32
308,ALA_L2,Alagoinhas,Del_Valle_Laranja,9.06,0.3176
309,ALA_L2,Alagoinhas,Amstel_Lata,11.22,0.299
310,ALA_L2,Alagoinhas,Pepsi,11.61,0.445
311,ALA_L2,Alagoinhas,Coca_Cola,12.31,0.3241
312,ALA_L2,Alagoinhas,Stella_Artois_Pure_Gold,10.87,0.3309
313,ALA_L2,Alagoinhas,Itaipava_Lata,9.89,0.2923
314,ALA_L2,Alagoinhas,Fanta_Uva,9.71,0.3534
315,ALA_L2,Alagoinhas,Del_Valle_Pessego,9.39,0.3546
316,ALA_L2,Alagoinhas,Sprite_Zero,13.5,0.3296
317,ALA_L2,Alagoinhas,Skol_Lata,10.68,0.3464
318,ALA_L2,Alagoinhas,Guarana_Antarctica,10.73,0.3683
319,ALA_L2,Alagoinhas,Eisenbahn_Pilsen,7.3,0.4127
320,ALA_L2,Alagoinhas,Kuat,9.68,0.3265
321,ALA_L2,Alagoinhas,Pepsi_Black,11.51,0.3804
322,ALA_L2,Alagoinhas,Sprite,12.33,0.3402
323,ALA_L2,Alagoinhas,Coca_Cola_Zero,9.15,0.3388
324,ALA_L2,Alagoinhas,Itubaina,13.22,0.3215
325,ALA_L2,Alagoinhas,Guarana_Antarctica_Zero,10.94,0.385
326,ALA_L2,Alagoinhas,Budweiser_Lata,10.26,0.3463
327,ALA_L2,Alagoinhas,Fanta_Laranja,11.72,0.2993
328,ALA_L2,Alagoinhas,Antarctica_Lata,11.11,0.3362
329,ALA_L2,Alagoinhas,Maguary_Caju,10.49,0.3616
330,ALA_L2,Alagoinhas,Maguary_Maracuja,11.54,0.3291
331,ALA_L3,Alagoinhas,H2OH_Limao,9.0,0.3091
332,ALA_L3,Alagoinhas,Brahma_Lata,9.59,0.3631
333,ALA_L3,Alagoinhas,Schweppes_Citrus,11.76,0.3116
334,ALA_L3,Alagoinhas,Sukita_Laranja,10.37,0.3559
335,ALA_L3,Alagoinhas,Del_Valle_Uva,9.56,0.279
336,ALA_L3,Alagoinhas,Spaten_Lata,8.6,0.3525
337,ALA_L3,Alagoinhas,Heineken_Lata,7.88,0.3403
338,ALA_L3,Alagoinhas,Del_Valle_Laranja,9.17,0.3865
339,ALA_L3,Alagoinhas,Amstel_Lata,9.96,0.3316
340,ALA_L3,Alagoinhas,Pepsi,11.91,0.2872
341,ALA_L3,Alagoinhas,Coca_Cola,9.39,0.3677
342,ALA_L3,Alagoinhas,Stella_Artois_Pure_Gold,10.43,0.3868
343,ALA_L3,Alagoinhas,Itaipava_Lata,9.29,0.353
344,ALA_L3,Alagoinhas,Fanta_Uva,12.25,0.3667
345,ALA_L3,Alagoinhas,Del_Valle_Pessego,11.38,0.3904
346,ALA_L3,Alagoinhas,Sprite_Zero,9.08,0.3287
347,ALA_L3,Alagoinhas,Skol_Lata,10.93,0.3836
348,ALA_L3,Alagoinhas,Guarana_Antarctica,8.75,0.3332
349,ALA_L3,Alagoinhas,Eisenbahn_Pilsen,8.88,0.3515
350,ALA_L3,Alagoinhas,Kuat,10.45,0.291
351,ALA_L3,Alagoinhas,Pepsi_Black,10.94,0.3852
352,ALA_L3,Alagoinhas,Sprite,10.92,0.3274
353,ALA_L3,Alagoinhas,Coca_Cola_Zero,10.69,0.3699
354,ALA_L3,Alagoinhas,Itubaina,7.39,0.2894
355,ALA_L3,Alagoinhas,Guarana_Antarctica_Zero,10.88,0.3576
356,ALA_L3,Alagoinhas,Budweiser_Lata,13.0,0.3456
357,ALA_L3,Alagoinhas,Fanta_Laranja,11.92,0.3738
358,ALA_L3,Alagoinhas,Antarctica_Lata,10.58,0.3411
359,ALA_L3,Alagoinhas,Maguary_Caju,9.12,0.3259
360,ALA_L3,Alagoinhas,Maguary_Maracuja,9.67,0.3316
361,FRU_L1,Frutal,H2OH_Limao,9.9,0.3859
362,FRU_L1,Frutal,Brahma_Lata,10.04,0.3804
363,FRU_L1,Frutal,Schweppes_Citrus,12.2,0.3119
364,FRU_L1,Frutal,Sukita_Laranja,9.71,0.2992
365,FRU_L1,Frutal,Del_Valle_Uva,10.39,0.316
366,FRU_L1,Frutal,Spaten_Lata,12.11,0.3219
367,FRU_L1,Frutal,Heineken_Lata,9.25,0.3376
368,FRU_L1,Frutal,Del_Valle_Laranja,7.85,0.3419
369,FRU_L1,Frutal,Amstel_Lata,11.79,0.3676
370,FRU_L1,Frutal,Pepsi,12.02,0.3374
371,FRU_L1,Frutal,Coca_Cola,10.38,0.4245
372,FRU_L1,Frutal,Stella_Artois_Pure_Gold,8.18,0.3901
373,FRU_L1,Frutal,Itaipava_Lata,11.66,0.3941
374,FRU_L1,Frutal,Fanta_Uva,13.53,0.3283
375,FRU_L1,Frutal,Del_Valle_Pessego,11.43,0.2876
376,FRU_L1,Frutal,Sprite_Zero,11.55,0.2951
377,FRU_L1,Frutal,Skol_Lata,10.75,0.3521
378,FRU_L1,Frutal,Guarana_Antarctica,8.54,0.3145
379,FRU_L1,Frutal,Eisenbahn_Pilsen,10.41,0.3493
380,FRU_L1,Frutal,Kuat,11.29,0.4105
381,FRU_L1,Frutal,Pepsi_Black,11.26,0.3037
382,FRU_L1,Frutal,Sprite,11.59,0.3575
383,FRU_L1,Frutal,Coca_Cola_Zero,9.71,0.3583
384,FRU_L1,Frutal,Itubaina,13.37,0.4089
385,FRU_L1,Frutal,Guarana_Antarctica_Zero,10.54,0.3731
386,FRU_L1,Frutal,Budweiser_Lata,11.52,0.3864
387,FRU_L1,Frutal,Fanta_Laranja,12.55,0.4372
388,FRU_L1,Frutal,Antarctica_Lata,10.11,0.3276
389,FRU_L1,Frutal,Maguary_Caju,10.71,0.2716
390,FRU_L1,Frutal,Maguary_Maracuja,9.62,0.3574
391,FRU_L2,Frutal,H2OH_Limao,11.02,0.3505
392,FRU_L2,Frutal,Brahma_Lata,10.62,0.3513
393,FRU_L2,Frutal,Schweppes_Citrus,11.01,0.3346
394,FRU_L2,Frutal,Sukita_Laranja,10.6,0.3602
395,FRU_L2,Frutal,Del_Valle_Uva,12.52,0.3917
396,FRU_L2,Frutal,Spaten_Lata,13.05,0.3509
397,FRU_L2,Frutal,Heineken_Lata,9.49,0.3174
398,FRU_L2,Frutal,Del_Valle_Laranja,8.7,0.3366
399,FRU_L2,Frutal,Amstel_Lata,11.94,0.3639
400,FRU_L2,Frutal,Pepsi,10.71,0.3939
401,FRU_L2,Frutal,Coca_Cola,9.98,0.3622
402,FRU_L2,Frutal,Stella_Artois_Pure_Gold,10.33,0.3161
403,FRU_L2,Frutal,Itaipava_Lata,9.28,0.3817
404,FRU_L2,Frutal,Fanta_Uva,9.65,0.3266
405,FRU_L2,Frutal,Del_Valle_Pessego,11.41,0.3562
406,FRU_L2,Frutal,Sprite_Zero,11.23,0.2407
407,FRU_L2,Frutal,Skol_Lata,12.82,0.3887
408,FRU_L2,Frutal,Guarana_Antarctica,10.53,0.2726
409,FRU_L2,Frutal,Eisenbahn_Pilsen,9.48,0.3261
410,FRU_L2,Frutal,Kuat,10.44,0.3868
411,FRU_L2,Frutal,Pepsi_Black,11.87,0.3103
412,FRU_L2,Frutal,Sprite,11.82,0.4034
413,FRU_L2,Frutal,Coca_Cola_Zero,9.84,0.416
414,FRU_L2,Frutal,Itubaina,11.67,0.3479
415,FRU_L2,Frutal,Guarana_Antarctica_Zero,10.47,0.4344
416,FRU_L2,Frutal,Budweiser_Lata,11.25,0.3824
417,FRU_L2,Frutal,Fanta_Laranja,10.49,0.3192
418,FRU_L2,Frutal,Antarctica_Lata,10.38,0.3128
419,FRU_L2,Frutal,Maguary_Caju,10.5,0.2813
420,FRU_L2,Frutal,Maguary_Maracuja,10.9,0.3171
421,FRU_L3,Frutal,H2OH_Limao,10.48,0.3814
422,FRU_L3,Frutal,Brahma_Lata,12.38,0.3507
423,FRU_L3,Frutal,Schweppes_Citrus,10.53,0.3661
424,FRU_L3,Frutal,Sukita_Laranja,9.56,0.3576
425,FRU_L3,Frutal,Del_Valle_Uva,8.28,0.3682
426,FRU_L3,Frutal,Spaten_Lata,9.68,0.346
427,FRU_L3,Frutal,Heineken_Lata,8.92,0.3169
428,FRU_L3,Frutal,Del_Valle_Laranja,9.82,0.3267
429,FRU_L3,Frutal,Amstel_Lata,9.84,0.3445
430,FRU_L3,Frutal,Pepsi,11.89,0.3228
431,FRU_L3,Frutal,Coca_Cola,13.27,0.2811
432,FRU_L3,Frutal,Stella_Artois_Pure_Gold,11.11,0.3825
433,FRU_L3,Frutal,Itaipava_Lata,9.59,0.3513
434,FRU_L3,Frutal,Fanta_Uva,8.32,0.3659
435,FRU_L3,Frutal,Del_Valle_Pessego,11.02,0.341
436,FRU_L3,Frutal,Sprite_Zero,8.49,0.3581
437,FRU_L3,Frutal,Skol_Lata,10.77,0.3509
438,FRU_L3,Frutal,Guarana_Antarctica,12.14,0.3468
439,FRU_L3,Frutal,Eisenbahn_Pilsen,11.42,0.3319
440,FRU_L3,Frutal,Kuat,8.85,0.3801
441,FRU_L3,Frutal,Pepsi_Black,9.62,0.3743
442,FRU_L3,Frutal,Sprite,9.57,0.304
443,FRU_L3,Frutal,Coca_Cola_Zero,10.26,0.3472
444,FRU_L3,Frutal,Itubaina,12.88,0.369
445,FRU_L3,Frutal,Guarana_Antarctica_Zero,8.23,0.338
446,FRU_L3,Frutal,Budweiser_Lata,9.31,0.2764
447,FRU_L3,Frutal,Fanta_Laranja,9.62,0.4037
448,FRU_L3,Frutal,Antarctica_Lata,8.79,0.4091
449,FRU_L3,Frutal,Maguary_Caju,11.0,0.3925
450,FRU_L3,Frutal,Maguary_Maracuja,11.84,0.36
451,POU_L1,Pouso Alegre,H2OH_Limao,9.44,0.2833
452,POU_L1,Pouso Alegre,Brahma_Lata,10.52,0.3546
453,POU_L1,Pouso Alegre,Schweppes_Citrus,11.62,0.2897
454,POU_L1,Pouso Alegre,Sukita_Laranja,9.41,0.3461
455,POU_L1,Pouso Alegre,Del_Valle_Uva,10.89,0.3344
456,POU_L1,Pouso Alegre,Spaten_Lata,9.96,0.3696
457,POU_L1,Pouso Alegre,Heineken_Lata,10.89,0.3834
458,POU_L1,Pouso Alegre,Del_Valle_Laranja,11.02,0.3009
459,POU_L1,Pouso Alegre,Amstel_Lata,9.87,0.3237
460,POU_L1,Pouso Alegre,Pepsi,9.6,0.2636
461,POU_L1,Pouso Alegre,Coca_Cola,11.19,0.3369
462,POU_L1,Pouso Alegre,Stella_Artois_Pure_Gold,9.95,0.3886
463,POU_L1,Pouso Alegre,Itaipava_Lata,10.52,0.3952
464,POU_L1,Pouso Alegre,Fanta_Uva,8.61,0.3451
465,POU_L1,Pouso Alegre,Del_Valle_Pessego,10.57,0.2813
466,POU_L1,Pouso Alegre,Sprite_Zero,10.88,0.3386
467,POU_L1,Pouso Alegre,Skol_Lata,10.34,0.3116
468,POU_L1,Pouso Alegre,Guarana_Antarctica,11.61,0.353
469,POU_L1,Pouso Alegre,Eisenbahn_Pilsen,10.25,0.3269
470,POU_L1,Pouso Alegre,Kuat,9.15,0.3268
471,POU_L1,Pouso Alegre,Pepsi_Black,9.81,0.3247
472,POU_L1,Pouso Alegre,Sprite,11.38,0.3281
473,POU_L1,Pouso Alegre,Coca_Cola_Zero,11.62,0.3466
474,POU_L1,Pouso Alegre,Itubaina,10.98,0.3039
475,POU_L1,Pouso Alegre,Guarana_Antarctica_Zero,9.51,0.335
476,POU_L1,Pouso Alegre,Budweiser_Lata,9.97,0.3278
477,POU_L1,Pouso Alegre,Fanta_Laranja,13.23,0.338
478,POU_L1,Pouso Alegre,Antarctica_Lata,11.43,0.3633
479,POU_L1,Pouso Alegre,Maguary_Caju,9.12,0.389
480,POU_L1,Pouso Alegre,Maguary_Maracuja,10.67,0.3
481,POU_L2,Pouso Alegre,H2OH_Limao,12.01,0.3013
482,POU_L2,Pouso Alegre,Brahma_Lata,9.03,0.3871
483,POU_L2,Pouso Alegre,Schweppes_Citrus,10.8,0.4089
484,POU_L2,Pouso Alegre,Sukita_Laranja,10.96,0.4153
485,POU_L2,Pouso Alegre,Del_Valle_Uva,9.44,0.3935
486,POU_L2,Pouso Alegre,Spaten_Lata,10.85,0.3167
487,POU_L2,Pouso Alegre,Heineken_Lata,8.89,0.2572
488,POU_L2,Pouso Alegre,Del_Valle_Laranja,11.02,0.3871
489,POU_L2,Pouso Alegre,Amstel_Lata,13.09,0.3244
490,POU_L2,Pouso Alegre,Pepsi,10.49,0.3132
491,POU_L2,Pouso Alegre,Coca_Cola,11.5,0.3398
492,POU_L2,Pouso Alegre,Stella_Artois_Pure_Gold,9.75,0.3123
493,POU_L2,Pouso Alegre,Itaipava_Lata,10.68,0.2884
494,POU_L2,Pouso Alegre,Fanta_Uva,10.56,0.3475
495,POU_L2,Pouso Alegre,Del_Valle_Pessego,8.59,0.258
496,POU_L2,Pouso Alegre,Sprite_Zero,12.35,0.3711
497,POU_L2,Pouso Alegre,Skol_Lata,6.85,0.3014
498,POU_L2,Pouso Alegre,Guarana_Antarctica,9.71,0.3147
499,POU_L2,Pouso Alegre,Eisenbahn_Pilsen,11.13,0.332
500,POU_L2,Pouso Alegre,Kuat,11.23,0.3277
501,POU_L2,Pouso Alegre,Pepsi_Black,9.92,0.3066
502,POU_L2,Pouso Alegre,Sprite,11.22,0.3582
503,POU_L2,Pouso Alegre,Coca_Cola_Zero,9.66,0.32
504,POU_L2,Pouso Alegre,Itubaina,8.74,0.3583
505,POU_L2,Pouso Alegre,Guarana_Antarctica_Zero,10.2,0.3522
506,POU_L2,Pouso Alegre,Budweiser_Lata,12.97,0.4037
507,POU_L2,Pouso Alegre,Fanta_Laranja,9.47,0.3722
508,POU_L2,Pouso Alegre,Antarctica_Lata,10.21,0.3423
509,POU_L2,Pouso Alegre,Maguary_Caju,9.89,0.3311
510,POU_L2,Pouso Alegre,Maguary_Maracuja,10.89,0.3898
511,POU_L3,Pouso Alegre,H2OH_Limao,10.55,0.3365
512,POU_L3,Pouso Alegre,Brahma_Lata,10.26,0.3425
513,POU_L3,Pouso Alegre,Schweppes_Citrus,8.72,0.3603
514,POU_L3,Pouso Alegre,Sukita_Laranja,10.36,0.3872
515,POU_L3,Pouso Alegre,Del_Valle_Uva,9.51,0.3149
516,POU_L3,Pouso Alegre,Spaten_Lata,10.82,0.3572
517,POU_L3,Pouso Alegre,Heineken_Lata,11.36,0.415
518,POU_L3,Pouso Alegre,Del_Valle_Laranja,12.01,0.3278
519,POU_L3,Pouso Alegre,Amstel_Lata,10.39,0.3925
520,POU_L3,Pouso Alegre,Pepsi,7.94,0.361
521,POU_L3,Pouso Alegre,Coca_Cola,10.45,0.3146
522,POU_L3,Pouso Alegre,Stella_Artois_Pure_Gold,8.72,0.3453
523,POU_L3,Pouso Alegre,Itaipava_Lata,10.21,0.3938
524,POU_L3,Pouso Alegre,Fanta_Uva,7.93,0.3833
525,POU_L3,Pouso Alegre,Del_Valle_Pessego,11.48,0.3381
526,POU_L3,Pouso Alegre,Sprite_Zero,10.91,0.3656
527,POU_L3,Pouso Alegre,Skol_Lata,10.38,0.331
528,POU_L3,Pouso Alegre,Guarana_Antarctica,11.01,0.361
529,POU_L3,Pouso Alegre,Eisenbahn_Pilsen,9.1,0.3812
530,POU_L3,Pouso Alegre,Kuat,11.05,0.3075
531,POU_L3,Pouso Alegre,Pepsi_Black,9.73,0.3463
532,POU_L3,Pouso Alegre,Sprite,12.59,0.3968
533,POU_L3,Pouso Alegre,Coca_Cola_Zero,11.09,0.4023
534,POU_L3,Pouso Alegre,Itubaina,10.66,0.3717
535,POU_L3,Pouso Alegre,Guarana_Antarctica_Zero,11.14,0.3558
536,POU_L3,Pouso Alegre,Budweiser_Lata,11.44,0.3318
537,POU_L3,Pouso Alegre,Fanta_Laranja,11.2,0.3566
538,POU_L3,Pouso Alegre,Antarctica_Lata,10.71,0.3347
539,POU_L3,Pouso Alegre,Maguary_Caju,9.47,0.3661
540,POU_L3,Pouso Alegre,Maguary_Maracuja,9.27,0.3582
541,GAM_L1,Gama,H2OH_Limao,7.83,0.3494
542,GAM_L1,Gama,Brahma_Lata,9.74,0.3712
543,GAM_L1,Gama,Schweppes_Citrus,10.19,0.3553
544,GAM_L1,Gama,Sukita_Laranja,11.14,0.357
545,GAM_L1,Gama,Del_Valle_Uva,10.1,0.3615
546,GAM_L1,Gama,Spaten_Lata,11.75,0.3016
547,GAM_L1,Gama,Heineken_Lata,11.89,0.355
548,GAM_L1,Gama,Del_Valle_Laranja,9.59,0.3067
549,GAM_L1,Gama,Amstel_Lata,11.44,0.3965
550,GAM_L1,Gama,Pepsi,12.0,0.3122
551,GAM_L1,Gama,Coca_Cola,10.64,0.3586
552,GAM_L1,Gama,Stella_Artois_Pure_Gold,10.6,0.2717
553,GAM_L1,Gama,Itaipava_Lata,11.51,0.3255
554,GAM_L1,Gama,Fanta_Uva,8.61,0.432
555,GAM_L1,Gama,Del_Valle_Pessego,10.53,0.3502
556,GAM_L1,Gama,Sprite_Zero,8.85,0.3351
557,GAM_L1,Gama,Skol_Lata,10.79,0.3725
558,GAM_L1,Gama,Guarana_Antarctica,9.54,0.4349
559,GAM_L1,Gama,Eisenbahn_Pilsen,11.02,0.3401
560,GAM_L1,Gama,Kuat,10.57,0.3588
561,GAM_L1,Gama,Pepsi_Black,12.1,0.3436
562,GAM_L1,Gama,Sprite,10.94,0.2597
563,GAM_L1,Gama,Coca_Cola_Zero,11.11,0.3553
564,GAM_L1,Gama,Itubaina,9.78,0.3301
565,GAM_L1,Gama,Guarana_Antarctica_Zero,11.77,0.3891
566,GAM_L1,Gama,Budweiser_Lata,10.67,0.38
567,GAM_L1,Gama,Fanta_Laranja,10.64,0.3338
568,GAM_L1,Gama,Antarctica_Lata,12.97,0.4105
569,GAM_L1,Gama,Maguary_Caju,12.39,0.3489
570,GAM_L1,Gama,Maguary_Maracuja,8.71,0.28
571,GAM_L2,Gama,H2OH_Limao,9.48,0.3804
572,GAM_L2,Gama,Brahma_Lata,8.05,0.2941
573,GAM_L2,Gama,Schweppes_Citrus,11.53,0.3366
574,GAM_L2,Gama,Sukita_Laranja,11.58,0.3335
575,GAM_L2,Gama,Del_Valle_Uva,13.1,0.3624
576,GAM_L2,Gama,Spaten_Lata,12.14,0.2892
577,GAM_L2,Gama,Heineken_Lata,10.83,0.3337
578,GAM_L2,Gama,Del_Valle_Laranja,11.75,0.2678
579,GAM_L2,Gama,Amstel_Lata,11.53,0.3114
580,GAM_L2,Gama,Pepsi,8.39,0.3392
581,GAM_L2,Gama,Coca_Cola,10.14,0.3497
582,GAM_L2,Gama,Stella_Artois_Pure_Gold,10.74,0.277
583,GAM_L2,Gama,Itaipava_Lata,10.22,0.3891
584,GAM_L2,Gama,Fanta_Uva,11.74,0.3726
585,GAM_L2,Gama,Del_Valle_Pessego,10.17,0.3344
586,GAM_L2,Gama,Sprite_Zero,11.0,0.3255
587,GAM_L2,Gama,Skol_Lata,11.97,0.3253
588,GAM_L2,Gama,Guarana_Antarctica,7.79,0.381
589,GAM_L2,Gama,Eisenbahn_Pilsen,9.85,0.3121
590,GAM_L2,Gama,Kuat,12.44,0.3208
591,GAM_L2,Gama,Pepsi_Black,10.73,0.3271
592,GAM_L2,Gama,Sprite,8.95,0.3409
593,GAM_L2,Gama,Coca_Cola_Zero,10.52,0.3334
594,GAM_L2,Gama,Itubaina,8.36,0.4048
595,GAM_L2,Gama,Guarana_Antarctica_Zero,12.22,0.344
596,GAM_L2,Gama,Budweiser_Lata,9.63,0.3336
597,GAM_L2,Gama,Fanta_Laranja,10.81,0.3056
598,GAM_L2,Gama,Antarctica_Lata,10.21,0.3203
599,GAM_L2,Gama,Maguary_Caju,10.71,0.3611
600,GAM_L2,Gama,Maguary_Maracuja,9.9,0.3191
601,GAM_L3,Gama,H2OH_Limao,9.16,0.3297
602,GAM_L3,Gama,Brahma_Lata,10.26,0.394
603,GAM_L3,Gama,Schweppes_Citrus,11.82,0.3288
604,GAM_L3,Gama,Sukita_Laranja,12.61,0.3256
605,GAM_L3,Gama,Del_Valle_Uva,9.55,0.3235
606,GAM_L3,Gama,Spaten_Lata,11.56,0.3501
607,GAM_L3,Gama,Heineken_Lata,8.95,0.2936
608,GAM_L3,Gama,Del_Valle_Laranja,11.79,0.4394
609,GAM_L3,Gama,Amstel_Lata,12.13,0.2902
610,GAM_L3,Gama,Pepsi,11.44,0.3291
611,GAM_L3,Gama,Coca_Cola,9.31,0.408
612,GAM_L3,Gama,Stella_Artois_Pure_Gold,10.78,0.345
613,GAM_L3,Gama,Itaipava_Lata,12.89,0.3608
614,GAM_L3,Gama,Fanta_Uva,9.72,0.3048
615,GAM_L3,Gama,Del_Valle_Pessego,11.19,0.3137
616,GAM_L3,Gama,Sprite_Zero,10.34,0.3075
617,GAM_L3,Gama,Skol_Lata,10.23,0.3332
618,GAM_L3,Gama,Guarana_Antarctica,13.74,0.4121
619,GAM_L3,Gama,Eisenbahn_Pilsen,11.13,0.3007
620,GAM_L3,Gama,Kuat,9.52,0.3446
621,GAM_L3,Gama,Pepsi_Black,10.63,0.3567
622,GAM_L3,Gama,Sprite,8.87,0.3593
623,GAM_L3,Gama,Coca_Cola_Zero,9.57,0.3328
624,GAM_L3,Gama,Itubaina,8.95,0.3725
625,GAM_L3,Gama,Guarana_Antarctica_Zero,10.77,0.4104
626,GAM_L3,Gama,Budweiser_Lata,9.22,0.4149
627,GAM_L3,Gama,Fanta_Laranja,10.53,0.3354
628,GAM_L3,Gama,Antarctica_Lata,11.8,0.3363
629,GAM_L3,Gama,Maguary_Caju,11.33,0.3171
630,GAM_L3,Gama,Maguary_Maracuja,9.29,0.3126
631,VIA_L1,Viamao,H2OH_Limao,11.3,0.3232
632,VIA_L1,Viamao,Brahma_Lata,9.31,0.3405
633,VIA_L1,Viamao,Schweppes_Citrus,10.84,0.3327
634,VIA_L1,Viamao,Sukita_Laranja,12.68,0.3612
635,VIA_L1,Viamao,Del_Valle_Uva,9.37,0.3181
636,VIA_L1,Viamao,Spaten_Lata,11.88,0.3265
637,VIA_L1,Viamao,Heineken_Lata,10.61,0.3109
638,VIA_L1,Viamao,Del_Valle_Laranja,9.35,0.3064
639,VIA_L1,Viamao,Amstel_Lata,11.02,0.3064
640,VIA_L1,Viamao,Pepsi,8.82,0.3558
641,VIA_L1,Viamao,Coca_Cola,7.89,0.3796
642,VIA_L1,Viamao,Stella_Artois_Pure_Gold,9.79,0.3507
643,VIA_L1,Viamao,Itaipava_Lata,11.86,0.4028
644,VIA_L1,Viamao,Fanta_Uva,9.54,0.3445
645,VIA_L1,Viamao,Del_Valle_Pessego,8.86,0.3005
646,VIA_L1,Viamao,Sprite_Zero,11.12,0.3616
647,VIA_L1,Viamao,Skol_Lata,10.21,0.3689
648,VIA_L1,Viamao,Guarana_Antarctica,10.9,0.3958
649,VIA_L1,Viamao,Eisenbahn_Pilsen,13.33,0.2966
650,VIA_L1,Viamao,Kuat,11.64,0.2865
651,VIA_L1,Viamao,Pepsi_Black,9.05,0.339
652,VIA_L1,Viamao,Sprite,8.96,0.3701
653,VIA_L1,Viamao,Coca_Cola_Zero,11.85,0.3276
654,VIA_L1,Viamao,Itubaina,10.57,0.3414
655,VIA_L1,Viamao,Guarana_Antarctica_Zero,11.83,0.3316
656,VIA_L1,Viamao,Budweiser_Lata,11.74,0.3528
657,VIA_L1,Viamao,Fanta_Laranja,10.21,0.3882
658,VIA_L1,Viamao,Antarctica_Lata,11.38,0.3948
659,VIA_L1,Viamao,Maguary_Caju,11.22,0.3986
660,VIA_L1,Viamao,Maguary_Maracuja,10.81,0.3482
661,VIA_L2,Viamao,H2OH_Limao,9.39,0.3339
662,VIA_L2,Viamao,Brahma_Lata,10.87,0.369
663,VIA_L2,Viamao,Schweppes_Citrus,11.24,0.3372
664,VIA_L2,Viamao,Sukita_Laranja,9.62,0.3654
665,VIA_L2,Viamao,Del_Valle_Uva,10.82,0.3062
666,VIA_L2,Viamao,Spaten_Lata,10.57,0.3609
667,VIA_L2,Viamao,Heineken_Lata,8.48,0.3916
668,VIA_L2,Viamao,Del_Valle_Laranja,10.38,0.3327
669,VIA_L2,Viamao,Amstel_Lata,9.09,0.421
670,VIA_L2,Viamao,Pepsi,10.07,0.3302
671,VIA_L2,Viamao,Coca_Cola,10.76,0.323
672,VIA_L2,Viamao,Stella_Artois_Pure_Gold,11.33,0.2957
673,VIA_L2,Viamao,Itaipava_Lata,10.63,0.3155
674,VIA_L2,Viamao,Fanta_Uva,7.84,0.4415
675,VIA_L2,Viamao,Del_Valle_Pessego,11.87,0.2543
676,VIA_L2,Viamao,Sprite_Zero,11.0,0.3718
677,VIA_L2,Viamao,Skol_Lata,11.1,0.3002
678,VIA_L2,Viamao,Guarana_Antarctica,10.69,0.3672
679,VIA_L2,Viamao,Eisenbahn_Pilsen,9.88,0.3502
680,VIA_L2,Viamao,Kuat,10.03,0.3393
681,VIA_L2,Viamao,Pepsi_Black,11.37,0.3073
682,VIA_L2,Viamao,Sprite,12.72,0.3126
683,VIA_L2,Viamao,Coca_Cola_Zero,11.18,0.3684
684,VIA_L2,Viamao,Itubaina,9.94,0.3523
685,VIA_L2,Viamao,Guarana_Antarctica_Zero,8.76,0.3269
686,VIA_L2,Viamao,Budweiser_Lata,10.91,0.3984
687,VIA_L2,Viamao,Fanta_Laranja,11.15,0.3539
688,VIA_L2,Viamao,Antarctica_Lata,9.01,0.3207
689,VIA_L2,Viamao,Maguary_Caju,11.05,0.3701
690,VIA_L2,Viamao,Maguary_Maracuja,10.34,0.3977
691,VIA_L3,Viamao,H2OH_Limao,10.71,0.3411
692,VIA_L3,Viamao,Brahma_Lata,9.6,0.2839
693,VIA_L3,Viamao,Schweppes_Citrus,10.99,0.3851
694,VIA_L3,Viamao,Sukita_Laranja,10.76,0.2934
695,VIA_L3,Viamao,Del_Valle_Uva,12.39,0.3715
696,VIA_L3,Viamao,Spaten_Lata,9.88,0.3045
697,VIA_L3,Viamao,Heineken_Lata,10.04,0.3732
698,VIA_L3,Viamao,Del_Valle_Laranja,10.42,0.3404
699,VIA_L3,Viamao,Amstel_Lata,9.63,0.3531
700,VIA_L3,Viamao,Pepsi,11.84,0.2604
701,VIA_L3,Viamao,Coca_Cola,9.34,0.3805
702,VIA_L3,Viamao,Stella_Artois_Pure_Gold,8.44,0.3378
703,VIA_L3,Viamao,Itaipava_Lata,10.64,0.3822
704,VIA_L3,Viamao,Fanta_Uva,9.45,0.3935
705,VIA_L3,Viamao,Del_Valle_Pessego,10.81,0.3205
706,VIA_L3,Viamao,Sprite_Zero,11.73,0.3942
707,VIA_L3,Viamao,Skol_Lata,7.71,0.3724
708,VIA_L3,Viamao,Guarana_Antarctica,10.26,0.4224
709,VIA_L3,Viamao,Eisenbahn_Pilsen,10.47,0.3763
710,VIA_L3,Viamao,Kuat,9.6,0.3564
711,VIA_L3,Viamao,Pepsi_Black,10.97,0.3521
712,VIA_L3,Viamao,Sprite,11.76,0.3701
713,VIA_L3,Viamao,Coca_Cola_Zero,9.52,0.3002
714,VIA_L3,Viamao,Itubaina,11.25,0.3734
715,VIA_L3,Viamao,Guarana_Antarctica_Zero,11.23,0.3513
716,VIA_L3,Viamao,Budweiser_Lata,10.36,0.3351
717,VIA_L3,Viamao,Fanta_Laranja,10.95,0.3182
718,VIA_L3,Viamao,Antarctica_Lata,10.6,0.3914
719,VIA_L3,Viamao,Maguary_Caju,9.45,0.323
720,VIA_L3,Viamao,Maguary_Maracuja,9.59,0.3731
721,ITU_L1,Itupeva,H2OH_Limao,9.06,0.3429
722,ITU_L1,Itupeva,Brahma_Lata,10.29,0.3414
723,ITU_L1,Itupeva,Schweppes_Citrus,10.78,0.3681
724,ITU_L1,Itupeva,Sukita_Laranja,8.38,0.3851
725,ITU_L1,Itupeva,Del_Valle_Uva,9.6,0.4205
726,ITU_L1,Itupeva,Spaten_Lata,10.22,0.42
727,ITU_L1,Itupeva,Heineken_Lata,9.91,0.3689
728,ITU_L1,Itupeva,Del_Valle_Laranja,12.45,0.3189
729,ITU_L1,Itupeva,Amstel_Lata,11.67,0.2899
730,ITU_L1,Itupeva,Pepsi,9.71,0.3403
731,ITU_L1,Itupeva,Coca_Cola,11.09,0.336
732,ITU_L1,Itupeva,Stella_Artois_Pure_Gold,10.29,0.319
733,ITU_L1,Itupeva,Itaipava_Lata,10.69,0.4232
734,ITU_L1,Itupeva,Fanta_Uva,9.56,0.4035
735,ITU_L1,Itupeva,Del_Valle_Pessego,12.67,0.3337
736,ITU_L1,Itupeva,Sprite_Zero,11.85,0.3765
737,ITU_L1,Itupeva,Skol_Lata,10.85,0.3906
738,ITU_L1,Itupeva,Guarana_Antarctica,11.33,0.2981
739,ITU_L1,Itupeva,Eisenbahn_Pilsen,10.71,0.3288
740,ITU_L1,Itupeva,Kuat,9.28,0.3527
741,ITU_L1,Itupeva,Pepsi_Black,11.45,0.3416
742,ITU_L1,Itupeva,Sprite,9.92,0.3203
743,ITU_L1,Itupeva,Coca_Cola_Zero,10.64,0.3049
744,ITU_L1,Itupeva,Itubaina,10.02,0.2549
745,ITU_L1,Itupeva,Guarana_Antarctica_Zero,9.26,0.3298
746,ITU_L1,Itupeva,Budweiser_Lata,10.36,0.3189
747,ITU_L1,Itupeva,Fanta_Laranja,11.1,0.3321
748,ITU_L1,Itupeva,Antarctica_Lata,10.51,0.3067
749,ITU_L1,Itupeva,Maguary_Caju,10.5,0.4437
750,ITU_L1,Itupeva,Maguary_Maracuja,9.38,0.4091
751,ITU_L2,Itupeva,H2OH_Limao,9.0,0.3846
752,ITU_L2,Itupeva,Brahma_Lata,9.86,0.375
753,ITU_L2,Itupeva,Schweppes_Citrus,11.19,0.3267
754,ITU_L2,Itupeva,Sukita_Laranja,9.52,0.4181
755,ITU_L2,Itupeva,Del_Valle_Uva,11.51,0.382
756,ITU_L2,Itupeva,Spaten_Lata,11.95,0.3265
757,ITU_L2,Itupeva,Heineken_Lata,11.39,0.3537
758,ITU_L2,Itupeva,Del_Valle_Laranja,11.56,0.384
759,ITU_L2,Itupeva,Amstel_Lata,10.33,0.3391
760,ITU_L2,Itupeva,Pepsi,12.63,0.3713
761,ITU_L2,Itupeva,Coca_Cola,10.55,0.3964
762,ITU_L2,Itupeva,Stella_Artois_Pure_Gold,11.18,0.3896
763,ITU_L2,Itupeva,Itaipava_Lata,10.16,0.342
764,ITU_L2,Itupeva,Fanta_Uva,10.21,0.328
765,ITU_L2,Itupeva,Del_Valle_Pessego,11.03,0.2998
766,ITU_L2,Itupeva,Sprite_Zero,11.99,0.4071
767,ITU_L2,Itupeva,Skol_Lata,11.61,0.3529
768,ITU_L2,Itupeva,Guarana_Antarctica,9.57,0.3169
769,ITU_L2,Itupeva,Eisenbahn_Pilsen,10.18,0.3608
770,ITU_L2,Itupeva,Kuat,11.48,0.3113
771,ITU_L2,Itupeva,Pepsi_Black,9.81,0.3398
772,ITU_L2,Itupeva,Sprite,10.72,0.3685
773,ITU_L2,Itupeva,Coca_Cola_Zero,10.09,0.4028
774,ITU_L2,Itupeva,Itubaina,10.63,0.3762
775,ITU_L2,Itupeva,Guarana_Antarctica_Zero,8.34,0.3839
776,ITU_L2,Itupeva,Budweiser_Lata,10.57,0.3329
777,ITU_L2,Itupeva,Fanta_Laranja,10.59,0.3563
778,ITU_L2,Itupeva,Antarctica_Lata,10.69,0.3508
779,ITU_L2,Itupeva,Maguary_Caju,11.38,0.3246
780,ITU_L2,Itupeva,Maguary_Maracuja,11.22,0.3329
781,ITU_L3,Itupeva,H2OH_Limao,10.31,0.3967
782,ITU_L3,Itupeva,Brahma_Lata,10.52,0.3038
783,ITU_L3,Itupeva,Schweppes_Citrus,9.99,0.3215
784,ITU_L3,Itupeva,Sukita_Laranja,9.49,0.4376
785,ITU_L3,Itupeva,Del_Valle_Uva,10.38,0.3329
786,ITU_L3,Itupeva,Spaten_Lata,8.83,0.3857
787,ITU_L3,Itupeva,Heineken_Lata,11.84,0.359
788,ITU_L3,Itupeva,Del_Valle_Laranja,8.64,0.3797
789,ITU_L3,Itupeva,Amstel_Lata,10.47,0.3763
790,ITU_L3,Itupeva,Pepsi,12.05,0.311
791,ITU_L3,Itupeva,Coca_Cola,10.21,0.3046
792,ITU_L3,Itupeva,Stella_Artois_Pure_Gold,9.97,0.378
793,ITU_L3,Itupeva,Itaipava_Lata,10.18,0.3925
794,ITU_L3,Itupeva,Fanta_Uva,11.5,0.4034
795,ITU_L3,Itupeva,Del_Valle_Pessego,10.88,0.3462
796,ITU_L3,Itupeva,Sprite_Zero,11.14,0.3696
797,ITU_L3,Itupeva,Skol_Lata,11.29,0.3223
798,ITU_L3,Itupeva,Guarana_Antarctica,10.58,0.358
799,ITU_L3,Itupeva,Eisenbahn_Pilsen,9.47,0.3194
800,ITU_L3,Itupeva,Kuat,10.48,0.42
801,ITU_L3,Itupeva,Pepsi_Black,9.19,0.3382
802,ITU_L3,Itupeva,Sprite,9.18,0.3658
803,ITU_L3,Itupeva,Coca_Cola_Zero,12.59,0.2823
804,ITU_L3,Itupeva,Itubaina,10.43,0.2718
805,ITU_L3,Itupeva,Guarana_Antarctica_Zero,11.53,0.3974
806,ITU_L3,Itupeva,Budweiser_Lata,10.18,0.2998
807,ITU_L3,Itupeva,Fanta_Laranja,10.1,0.344
808,ITU_L3,Itupeva,Antarctica_Lata,13.33,0.4236
809,ITU_L3,Itupeva,Maguary_Caju,9.99,0.3736
810,ITU_L3,Itupeva,Maguary_Maracuja,10.11,0.3136
811,CAB_L1,Cabo de Santo Agostinho,H2OH_Limao,10.24,0.3984
812,CAB_L1,Cabo de Santo Agostinho,Brahma_Lata,10.79,0.3406
813,CAB_L1,Cabo de Santo Agostinho,Schweppes_Citrus,10.91,0.3467
814,CAB_L1,Cabo de Santo Agostinho,Sukita_Laranja,10.82,0.4288
815,CAB_L1,Cabo de Santo Agostinho,Del_Valle_Uva,11.17,0.389
816,CAB_L1,Cabo de Santo Agostinho,Spaten_Lata,11.45,0.2882
817,CAB_L1,Cabo de Santo Agostinho,Heineken_Lata,8.45,0.2946
818,CAB_L1,Cabo de Santo Agostinho,Del_Valle_Laranja,9.05,0.4176
819,CAB_L1,Cabo de Santo Agostinho,Amstel_Lata,10.44,0.3545
820,CAB_L1,Cabo de Santo Agostinho,Pepsi,11.03,0.3417
821,CAB_L1,Cabo de Santo Agostinho,Coca_Cola,10.22,0.3542
822,CAB_L1,Cabo de Santo Agostinho,Stella_Artois_Pure_Gold,9.04,0.3258
823,CAB_L1,Cabo de Santo Agostinho,Itaipava_Lata,12.74,0.3426
824,CAB_L1,Cabo de Santo Agostinho,Fanta_Uva,9.89,0.2668
825,CAB_L1,Cabo de Santo Agostinho,Del_Valle_Pessego,10.97,0.2279
826,CAB_L1,Cabo de Santo Agostinho,Sprite_Zero,9.95,0.3195
827,CAB_L1,Cabo de Santo Agostinho,Skol_Lata,9.3,0.3421
828,CAB_L1,Cabo de Santo Agostinho,Guarana_Antarctica,9.47,0.3629
829,CAB_L1,Cabo de Santo Agostinho,Eisenbahn_Pilsen,12.79,0.3879
830,CAB_L1,Cabo de Santo Agostinho,Kuat,11.08,0.3427
831,CAB_L1,Cabo de Santo Agostinho,Pepsi_Black,9.55,0.3527
832,CAB_L1,Cabo de Santo Agostinho,Sprite,9.9,0.3182
833,CAB_L1,Cabo de Santo Agostinho,Coca_Cola_Zero,11.02,0.3813
834,CAB_L1,Cabo de Santo Agostinho,Itubaina,9.72,0.2541
835,CAB_L1,Cabo de Santo Agostinho,Guarana_Antarctica_Zero,9.12,0.2831
836,CAB_L1,Cabo de Santo Agostinho,Budweiser_Lata,11.42,0.3823
837,CAB_L1,Cabo de Santo Agostinho,Fanta_Laranja,10.58,0.4154
838,CAB_L1,Cabo de Santo Agostinho,Antarctica_Lata,8.7,0.2442
839,CAB_L1,Cabo de Santo Agostinho,Maguary_Caju,12.45,0.3176
840,CAB_L1,Cabo de Santo Agostinho,Maguary_Maracuja,10.03,0.3058
841,CAB_L2,Cabo de Santo Agostinho,H2OH_Limao,11.26,0.363
842,CAB_L2,Cabo de Santo Agostinho,Brahma_Lata,9.81,0.3231
843,CAB_L2,Cabo de Santo Agostinho,Schweppes_Citrus,10.09,0.3351
844,CAB_L2,Cabo de Santo Agostinho,Sukita_Laranja,11.76,0.3476
845,CAB_L2,Cabo de Santo Agostinho,Del_Valle_Uva,11.45,0.4064
846,CAB_L2,Cabo de Santo Agostinho,Spaten_Lata,11.69,0.4097
847,CAB_L2,Cabo de Santo Agostinho,Heineken_Lata,10.22,0.321
848,CAB_L2,Cabo de Santo Agostinho,Del_Valle_Laranja,9.85,0.375
849,CAB_L2,Cabo de Santo Agostinho,Amstel_Lata,11.73,0.3379
850,CAB_L2,Cabo de Santo Agostinho,Pepsi,10.16,0.3648
851,CAB_L2,Cabo de Santo Agostinho,Coca_Cola,11.02,0.3092
852,CAB_L2,Cabo de Santo Agostinho,Stella_Artois_Pure_Gold,9.8,0.252
853,CAB_L2,Cabo de Santo Agostinho,Itaipava_Lata,10.73,0.3019
854,CAB_L2,Cabo de Santo Agostinho,Fanta_Uva,11.79,0.4035
855,CAB_L2,Cabo de Santo Agostinho,Del_Valle_Pessego,11.94,0.3695
856,CAB_L2,Cabo de Santo Agostinho,Sprite_Zero,10.82,0.3271
857,CAB_L2,Cabo de Santo Agostinho,Skol_Lata,12.02,0.3055
858,CAB_L2,Cabo de Santo Agostinho,Guarana_Antarctica,10.24,0.3402
859,CAB_L2,Cabo de Santo Agostinho,Eisenbahn_Pilsen,9.59,0.3609
860,CAB_L2,Cabo de Santo Agostinho,Kuat,11.34,0.365
861,CAB_L2,Cabo de Santo Agostinho,Pepsi_Black,12.84,0.3619
862,CAB_L2,Cabo de Santo Agostinho,Sprite,11.26,0.3329
863,CAB_L2,Cabo de Santo Agostinho,Coca_Cola_Zero,9.61,0.3629
864,CAB_L2,Cabo de Santo Agostinho,Itubaina,10.81,0.4009
865,CAB_L2,Cabo de Santo Agostinho,Guarana_Antarctica_Zero,10.86,0.4039
866,CAB_L2,Cabo de Santo Agostinho,Budweiser_Lata,9.96,0.2773
867,CAB_L2,Cabo de Santo Agostinho,Fanta_Laranja,10.7,0.4104
868,CAB_L2,Cabo de Santo Agostinho,Antarctica_Lata,9.78,0.3634
869,CAB_L2,Cabo de Santo Agostinho,Maguary_Caju,6.91,0.383
870,CAB_L2,Cabo de Santo Agostinho,Maguary_Maracuja,10.39,0.317
871,CAB_L3,Cabo de Santo Agostinho,H2OH_Limao,9.43,0.3828
872,CAB_L3,Cabo de Santo Agostinho,Brahma_Lata,12.51,0.3335
873,CAB_L3,Cabo de Santo Agostinho,Schweppes_Citrus,9.77,0.3342
874,CAB_L3,Cabo de Santo Agostinho,Sukita_Laranja,10.28,0.372
875,CAB_L3,Cabo de Santo Agostinho,Del_Valle_Uva,8.89,0.3287
876,CAB_L3,Cabo de Santo Agostinho,Spaten_Lata,10.6,0.4297
877,CAB_L3,Cabo de Santo Agostinho,Heineken_Lata,10.55,0.3226
878,CAB_L3,Cabo de Santo Agostinho,Del_Valle_Laranja,9.07,0.3026
879,CAB_L3,Cabo de Santo Agostinho,Amstel_Lata,9.8,0.404
880,CAB_L3,Cabo de Santo Agostinho,Pepsi,13.12,0.3588
881,CAB_L3,Cabo de Santo Agostinho,Coca_Cola,11.49,0.3858
882,CAB_L3,Cabo de Santo Agostinho,Stella_Artois_Pure_Gold,8.74,0.3138
883,CAB_L3,Cabo de Santo Agostinho,Itaipava_Lata,7.7,0.3627
884,CAB_L3,Cabo de Santo Agostinho,Fanta_Uva,11.28,0.3684
885,CAB_L3,Cabo de Santo Agostinho,Del_Valle_Pessego,9.65,0.3014
886,CAB_L3,Cabo de Santo Agostinho,Sprite_Zero,11.81,0.3862
887,CAB_L3,Cabo de Santo Agostinho,Skol_Lata,8.54,0.3995
888,CAB_L3,Cabo de Santo Agostinho,Guarana_Antarctica,9.37,0.3064
889,CAB_L3,Cabo de Santo Agostinho,Eisenbahn_Pilsen,9.45,0.2991
890,CAB_L3,Cabo de Santo Agostinho,Kuat,10.33,0.3576
891,CAB_L3,Cabo de Santo Agostinho,Pepsi_Black,9.46,0.4127
892,CAB_L3,Cabo de Santo Agostinho,Sprite,10.23,0.3683
893,CAB_L3,Cabo de Santo Agostinho,Coca_Cola_Zero,9.38,0.2762
894,CAB_L3,Cabo de Santo Agostinho,Itubaina,10.45,0.3959
895,CAB_L3,Cabo de Santo Agostinho,Guarana_Antarctica_Zero,11.66,0.352
896,CAB_L3,Cabo de Santo Agostinho,Budweiser_Lata,10.57,0.3305
897,CAB_L3,Cabo de Santo Agostinho,Fanta_Laranja,12.31,0.3866
898,CAB_L3,Cabo de Santo Agostinho,Antarctica_Lata,8.61,0.3624
899,CAB_L3,Cabo de Santo Agostinho,Maguary_Caju,12.82,0.3123
900,CAB_L3,Cabo de Santo Agostinho,Maguary_Maracuja,11.11,0.3985
