id,scenario_id,production_line,plant,ref_date,rate,sku_size_shape
1,200,JAC_L1,Jacarei,2026-12-01 06:00:00.000,1626,12 Oz Standard
2,200,JAC_L1,Jacarei,2026-12-02 06:00:00.000,1556,12 Oz Standard
3,200,JAC_L1,Jacarei,2026-12-03 06:00:00.000,1734,12 Oz Standard
4,200,JAC_L1,Jacarei,2026-12-04 06:00:00.000,1485,12 Oz Standard
5,200,JAC_L1,Jacarei,2026-12-05 06:00:00.000,1573,12 Oz Standard
6,200,JAC_L1,Jacarei,2026-12-06 06:00:00.000,1513,12 Oz Standard
7,200,JAC_L1,Jacarei,2026-12-07 06:00:00.000,1544,12 Oz Standard
8,200,JAC_L1,Jacarei,2026-12-08 06:00:00.000,1695,12 Oz Standard
9,200,JAC_L1,Jacarei,2026-12-09 06:00:00.000,1676,12 Oz Standard
10,200,JAC_L1,Jacarei,2026-12-10 06:00:00.000,1616,12 Oz Standard
11,200,JAC_L1,Jacarei,2026-12-11 06:00:00.000,1606,12 Oz Standard
12,200,JAC_L1,Jacarei,2026-12-12 06:00:00.000,1595,12 Oz Standard
13,200,JAC_L1,Jacarei,2026-12-13 06:00:00.000,1427,12 Oz Standard
14,200,JAC_L1,Jacarei,2026-12-14 06:00:00.000,1622,12 Oz Standard
15,200,JAC_L1,Jacarei,2026-12-15 06:00:00.000,1513,12 Oz Standard
16,200,JAC_L2,Jacarei,2026-12-01 06:00:00.000,1590,12 Oz Standard
17,200,JAC_L2,Jacarei,2026-12-02 06:00:00.000,1471,12 Oz Standard
18,200,JAC_L2,Jacarei,2026-12-03 06:00:00.000,1654,12 Oz Standard
19,200,JAC_L2,Jacarei,2026-12-04 06:00:00.000,1583,12 Oz Standard
20,200,JAC_L2,Jacarei,2026-12-05 06:00:00.000,1524,12 Oz Standard
21,200,JAC_L2,Jacarei,2026-12-06 06:00:00.000,1647,12 Oz Standard
22,200,JAC_L2,Jacarei,2026-12-07 06:00:00.000,1505,12 Oz Standard
23,200,JAC_L2,Jacarei,2026-12-08 06:00:00.000,1673,12 Oz Standard
24,200,JAC_L2,Jacarei,2026-12-09 06:00:00.000,1713,12 Oz Standard
25,200,JAC_L2,Jacarei,2026-12-10 06:00:00.000,1654,12 Oz Standard
26,200,JAC_L2,Jacarei,2026-12-11 06:00:00.000,1529,12 Oz Standard
27,200,JAC_L2,Jacarei,2026-12-12 06:00:00.000,1660,12 Oz Standard
28,200,JAC_L2,Jacarei,2026-12-13 06:00:00.000,1466,12 Oz Standard
29,200,JAC_L2,Jacarei,2026-12-14 06:00:00.000,1589,12 Oz Standard
30,200,JAC_L2,Jacarei,2026-12-15 06:00:00.000,1591,12 Oz Standard
31,200,JAC_L3,Jacarei,2026-12-01 06:00:00.000,1600,12 Oz Standard
32,200,JAC_L3,Jacarei,2026-12-02 06:00:00.000,1644,12 Oz Standard
33,200,JAC_L3,Jacarei,2026-12-03 06:00:00.000,1601,12 Oz Standard
34,200,JAC_L3,Jacarei,2026-12-04 06:00:00.000,1618,12 Oz Standard
35,200,JAC_L3,Jacarei,2026-12-05 06:00:00.000,1457,12 Oz Standard
36,200,JAC_L3,Jacarei,2026-12-06 06:00:00.000,1526,12 Oz Standard
37,200,JAC_L3,Jacarei,2026-12-07 06:00:00.000,1618,12 Oz Standard
38,200,JAC_L3,Jacarei,2026-12-08 06:00:00.000,1612,12 Oz Standard
39,200,JAC_L3,Jacarei,2026-12-09 06:00:00.000,1410,12 Oz Standard
40,200,JAC_L3,Jacarei,2026-12-10 06:00:00.000,1400,12 Oz Standard
41,200,JAC_L3,Jacarei,2026-12-11 06:00:00.000,1569,12 Oz Standard
42,200,JAC_L3,Jacarei,2026-12-12 06:00:00.000,1538,12 Oz Standard
43,200,JAC_L3,Jacarei,2026-12-13 06:00:00.000,1696,12 Oz Standard
44,200,JAC_L3,Jacarei,2026-12-14 06:00:00.000,1544,12 Oz Standard
45,200,JAC_L3,Jacarei,2026-12-15 06:00:00.000,1585,12 Oz Standard
46,200,EXT_L1,Extrema,2026-12-01 06:00:00.000,1687,16 Oz Tall
47,200,EXT_L1,Extrema,2026-12-02 06:00:00.000,1499,16 Oz Tall
48,200,EXT_L1,Extrema,2026-12-03 06:00:00.000,1648,16 Oz Tall
49,200,EXT_L1,Extrema,2026-12-04 06:00:00.000,1658,16 Oz Tall
50,200,EXT_L1,Extrema,2026-12-05 06:00:00.000,1519,16 Oz Tall
51,200,EXT_L1,Extrema,2026-12-06 06:00:00.000,1565,16 Oz Tall
52,200,EXT_L1,Extrema,2026-12-07 06:00:00.000,1702,16 Oz Tall
53,200,EXT_L1,Extrema,2026-12-08 06:00:00.000,1634,16 Oz Tall
54,200,EXT_L1,Extrema,2026-12-09 06:00:00.000,1713,16 Oz Tall
55,200,EXT_L1,Extrema,2026-12-10 06:00:00.000,1659,16 Oz Tall
56,200,EXT_L1,Extrema,2026-12-11 06:00:00.000,1740,16 Oz Tall
57,200,EXT_L1,Extrema,2026-12-12 06:00:00.000,1593,16 Oz Tall
58,200,EXT_L1,Extrema,2026-12-13 06:00:00.000,1527,16 Oz Tall
59,200,EXT_L1,Extrema,2026-12-14 06:00:00.000,1483,16 Oz Tall
60,200,EXT_L1,Extrema,2026-12-15 06:00:00.000,1516,16 Oz Tall
61,200,EXT_L2,Extrema,2026-12-01 06:00:00.000,1578,16 Oz Tall
62,200,EXT_L2,Extrema,2026-12-02 06:00:00.000,1573,16 Oz Tall
63,200,EXT_L2,Extrema,2026-12-03 06:00:00.000,1583,16 Oz Tall
64,200,EXT_L2,Extrema,2026-12-04 06:00:00.000,1696,16 Oz Tall
65,200,EXT_L2,Extrema,2026-12-05 06:00:00.000,1590,16 Oz Tall
66,200,EXT_L2,Extrema,2026-12-06 06:00:00.000,1579,16 Oz Tall
67,200,EXT_L2,Extrema,2026-12-07 06:00:00.000,1541,16 Oz Tall
68,200,EXT_L2,Extrema,2026-12-08 06:00:00.000,1638,16 Oz Tall
69,200,EXT_L2,Extrema,2026-12-09 06:00:00.000,1563,16 Oz Tall
70,200,EXT_L2,Extrema,2026-12-10 06:00:00.000,1520,16 Oz Tall
71,200,EXT_L2,Extrema,2026-12-11 06:00:00.000,1604,16 Oz Tall
72,200,EXT_L2,Extrema,2026-12-12 06:00:00.000,1539,16 Oz Tall
73,200,EXT_L2,Extrema,2026-12-13 06:00:00.000,1589,16 Oz Tall
74,200,EXT_L2,Extrema,2026-12-14 06:00:00.000,1448,16 Oz Tall
75,200,EXT_L2,Extrema,2026-12-15 06:00:00.000,1548,16 Oz Tall
76,200,EXT_L3,Extrema,2026-12-01 06:00:00.000,1760,16 Oz Tall
77,200,EXT_L3,Extrema,2026-12-02 06:00:00.000,1631,16 Oz Tall
78,200,EXT_L3,Extrema,2026-12-03 06:00:00.000,1744,16 Oz Tall
79,200,EXT_L3,Extrema,2026-12-04 06:00:00.000,1625,16 Oz Tall
80,200,EXT_L3,Extrema,2026-12-05 06:00:00.000,1568,16 Oz Tall
81,200,EXT_L3,Extrema,2026-12-06 06:00:00.000,1759,16 Oz Tall
82,200,EXT_L3,Extrema,2026-12-07 06:00:00.000,1743,16 Oz Tall
83,200,EXT_L3,Extrema,2026-12-08 06:00:00.000,1611,16 Oz Tall
84,200,EXT_L3,Extrema,2026-12-09 06:00:00.000,1648,16 Oz Tall
85,200,EXT_L3,Extrema,2026-12-10 06:00:00.000,1626,16 Oz Tall
86,200,EXT_L3,Extrema,2026-12-11 06:00:00.000,1544,16 Oz Tall
87,200,EXT_L3,Extrema,2026-12-12 06:00:00.000,1495,16 Oz Tall
88,200,EXT_L3,Extrema,2026-12-13 06:00:00.000,1562,16 Oz Tall
89,200,EXT_L3,Extrema,2026-12-14 06:00:00.000,1599,16 Oz Tall
90,200,EXT_L3,Extrema,2026-12-15 06:00:00.000,1566,16 Oz Tall
91,200,TRE_L1,Tres Rios,2026-12-01 06:00:00.000,1576,9.1 Oz Sleek
92,200,TRE_L1,Tres Rios,2026-12-02 06:00:00.000,1612,9.1 Oz Sleek
93,200,TRE_L1,Tres Rios,2026-12-03 06:00:00.000,1644,9.1 Oz Sleek
94,200,TRE_L1,Tres Rios,2026-12-04 06:00:00.000,1561,9.1 Oz Sleek
95,200,TRE_L1,Tres Rios,2026-12-05 06:00:00.000,1643,9.1 Oz Sleek
96,200,TRE_L1,Tres Rios,2026-12-06 06:00:00.000,1564,9.1 Oz Sleek
97,200,TRE_L1,Tres Rios,2026-12-07 06:00:00.000,1572,9.1 Oz Sleek
98,200,TRE_L1,Tres Rios,2026-12-08 06:00:00.000,1583,9.1 Oz Sleek
99,200,TRE_L1,Tres Rios,2026-12-09 06:00:00.000,1592,9.1 Oz Sleek
100,200,TRE_L1,Tres Rios,2026-12-10 06:00:00.000,1572,9.1 Oz Sleek
101,200,TRE_L1,Tres Rios,2026-12-11 06:00:00.000,1675,9.1 Oz Sleek
102,200,TRE_L1,Tres Rios,2026-12-12 06:00:00.000,1739,9.1 Oz Sleek
103,200,TRE_L1,Tres Rios,2026-12-13 06:00:00.000,1748,9.1 Oz Sleek
104,200,TRE_L1,Tres Rios,2026-12-14 06:00:00.000,1526,9.1 Oz Sleek
105,200,TRE_L1,Tres Rios,2026-12-15 06:00:00.000,1695,9.1 Oz Sleek
106,200,TRE_L2,Tres Rios,2026-12-01 06:00:00.000,1588,9.1 Oz Sleek
107,200,TRE_L2,Tres Rios,2026-12-02 06:00:00.000,1598,9.1 Oz Sleek
108,200,TRE_L2,Tres Rios,2026-12-03 06:00:00.000,1581,9.1 Oz Sleek
109,200,TRE_L2,Tres Rios,2026-12-04 06:00:00.000,1834,9.1 Oz Sleek
110,200,TRE_L2,Tres Rios,2026-12-05 06:00:00.000,1713,9.1 Oz Sleek
111,200,TRE_L2,Tres Rios,2026-12-06 06:00:00.000,1559,9.1 Oz Sleek
112,200,TRE_L2,Tres Rios,2026-12-07 06:00:00.000,1611,9.1 Oz Sleek
113,200,TRE_L2,Tres Rios,2026-12-08 06:00:00.000,1763,9.1 Oz Sleek
114,200,TRE_L2,Tres Rios,2026-12-09 06:00:00.000,1623,9.1 Oz Sleek
115,200,TRE_L2,Tres Rios,2026-12-10 06:00:00.000,1485,9.1 Oz Sleek
116,200,TRE_L2,Tres Rios,2026-12-11 06:00:00.000,1669,9.1 Oz Sleek
117,200,TRE_L2,Tres Rios,2026-12-12 06:00:00.000,1523,9.1 Oz Sleek
118,200,TRE_L2,Tres Rios,2026-12-13 06:00:00.000,1513,9.1 Oz Sleek
119,200,TRE_L2,Tres Rios,2026-12-14 06:00:00.000,1547,9.1 Oz Sleek
120,200,TRE_L2,Tres Rios,2026-12-15 06:00:00.000,1752,9.1 Oz Sleek
121,200,TRE_L3,Tres Rios,2026-12-01 06:00:00.000,1710,9.1 Oz Sleek
122,200,TRE_L3,Tres Rios,2026-12-02 06:00:00.000,1442,9.1 Oz Sleek
123,200,TRE_L3,Tres Rios,2026-12-03 06:00:00.000,1642,9.1 Oz Sleek
124,200,TRE_L3,Tres Rios,2026-12-04 06:00:00.000,1380,9.1 Oz Sleek
125,200,TRE_L3,Tres Rios,2026-12-05 06:00:00.000,1691,9.1 Oz Sleek
126,200,TRE_L3,Tres Rios,2026-12-06 06:00:00.000,1723,9.1 Oz Sleek
127,200,TRE_L3,Tres Rios,2026-12-07 06:00:00.000,1630,9.1 Oz Sleek
128,200,TRE_L3,Tres Rios,2026-12-08 06:00:00.000,1715,9.1 Oz Sleek
129,200,TRE_L3,Tres Rios,2026-12-09 06:00:00.000,1600,9.1 Oz Sleek
130,200,TRE_L3,Tres Rios,2026-12-10 06:00:00.000,1618,9.1 Oz Sleek
131,200,TRE_L3,Tres Rios,2026-12-11 06:00:00.000,1727,9.1 Oz Sleek
132,200,TRE_L3,Tres Rios,2026-12-12 06:00:00.000,1660,9.1 Oz Sleek
133,200,TRE_L3,Tres Rios,2026-12-13 06:00:00.000,1669,9.1 Oz Sleek
134,200,TRE_L3,Tres Rios,2026-12-14 06:00:00.000,1593,9.1 Oz Sleek
135,200,TRE_L3,Tres Rios,2026-12-15 06:00:00.000,1531,9.1 Oz Sleek
136,200,ALA_L1,Alagoinhas,2026-12-01 06:00:00.000,1734,12 Oz Standard
137,200,ALA_L1,Alagoinhas,2026-12-02 06:00:00.000,1648,12 Oz Standard
138,200,ALA_L1,Alagoinhas,2026-12-03 06:00:00.000,1725,12 Oz Standard
139,200,ALA_L1,Alagoinhas,2026-12-04 06:00:00.000,1489,12 Oz Standard
140,200,ALA_L1,Alagoinhas,2026-12-05 06:00:00.000,1727,12 Oz Standard
141,200,ALA_L1,Alagoinhas,2026-12-06 06:00:00.000,1542,12 Oz Standard
142,200,ALA_L1,Alagoinhas,2026-12-07 06:00:00.000,1690,12 Oz Standard
143,200,ALA_L1,Alagoinhas,2026-12-08 06:00:00.000,1679,12 Oz Standard
144,200,ALA_L1,Alagoinhas,2026-12-09 06:00:00.000,1502,12 Oz Standard
145,200,ALA_L1,Alagoinhas,2026-12-10 06:00:00.000,1530,12 Oz Standard
146,200,ALA_L1,Alagoinhas,2026-12-11 06:00:00.000,1608,12 Oz Standard
147,200,ALA_L1,Alagoinhas,2026-12-12 06:00:00.000,1623,12 Oz Standard
148,200,ALA_L1,Alagoinhas,2026-12-13 06:00:00.000,1629,12 Oz Standard
149,200,ALA_L1,Alagoinhas,2026-12-14 06:00:00.000,1519,12 Oz Standard
150,200,ALA_L1,Alagoinhas,2026-12-15 06:00:00.000,1639,12 Oz Standard
151,200,ALA_L2,Alagoinhas,2026-12-01 06:00:00.000,1655,12 Oz Standard
152,200,ALA_L2,Alagoinhas,2026-12-02 06:00:00.000,1594,12 Oz Standard
153,200,ALA_L2,Alagoinhas,2026-12-03 06:00:00.000,1705,12 Oz Standard
154,200,ALA_L2,Alagoinhas,2026-12-04 06:00:00.000,1668,12 Oz Standard
155,200,ALA_L2,Alagoinhas,2026-12-05 06:00:00.000,1560,12 Oz Standard
156,200,ALA_L2,Alagoinhas,2026-12-06 06:00:00.000,1560,12 Oz Standard
157,200,ALA_L2,Alagoinhas,2026-12-07 06:00:00.000,1647,12 Oz Standard
158,200,ALA_L2,Alagoinhas,2026-12-08 06:00:00.000,1581,12 Oz Standard
159,200,ALA_L2,Alagoinhas,2026-12-09 06:00:00.000,1579,12 Oz Standard
160,200,ALA_L2,Alagoinhas,2026-12-10 06:00:00.000,1389,12 Oz Standard
161,200,ALA_L2,Alagoinhas,2026-12-11 06:00:00.000,1631,12 Oz Standard
162,200,ALA_L2,Alagoinhas,2026-12-12 06:00:00.000,1601,12 Oz Standard
163,200,ALA_L2,Alagoinhas,2026-12-13 06:00:00.000,1628,12 Oz Standard
164,200,ALA_L2,Alagoinhas,2026-12-14 06:00:00.000,1583,12 Oz Standard
165,200,ALA_L2,Alagoinhas,2026-12-15 06:00:00.000,1657,12 Oz Standard
166,200,ALA_L3,Alagoinhas,2026-12-01 06:00:00.000,1526,12 Oz Standard
167,200,ALA_L3,Alagoinhas,2026-12-02 06:00:00.000,1543,12 Oz Standard
168,200,ALA_L3,Alagoinhas,2026-12-03 06:00:00.000,1663,12 Oz Standard
169,200,ALA_L3,Alagoinhas,2026-12-04 06:00:00.000,1571,12 Oz Standard
170,200,ALA_L3,Alagoinhas,2026-12-05 06:00:00.000,1578,12 Oz Standard
171,200,ALA_L3,Alagoinhas,2026-12-06 06:00:00.000,1744,12 Oz Standard
172,200,ALA_L3,Alagoinhas,2026-12-07 06:00:00.000,1568,12 Oz Standard
173,200,ALA_L3,Alagoinhas,2026-12-08 06:00:00.000,1628,12 Oz Standard
174,200,ALA_L3,Alagoinhas,2026-12-09 06:00:00.000,1692,12 Oz Standard
175,200,ALA_L3,Alagoinhas,2026-12-10 06:00:00.000,1704,12 Oz Standard
176,200,ALA_L3,Alagoinhas,2026-12-11 06:00:00.000,1667,12 Oz Standard
177,200,ALA_L3,Alagoinhas,2026-12-12 06:00:00.000,1398,12 Oz Standard
178,200,ALA_L3,Alagoinhas,2026-12-13 06:00:00.000,1575,12 Oz Standard
179,200,ALA_L3,Alagoinhas,2026-12-14 06:00:00.000,1548,12 Oz Standard
180,200,ALA_L3,Alagoinhas,2026-12-15 06:00:00.000,1574,12 Oz Standard
181,200,FRU_L1,Frutal,2026-12-01 06:00:00.000,1543,16 Oz Tall
182,200,FRU_L1,Frutal,2026-12-02 06:00:00.000,1715,16 Oz Tall
183,200,FRU_L1,Frutal,2026-12-03 06:00:00.000,1544,16 Oz Tall
184,200,FRU_L1,Frutal,2026-12-04 06:00:00.000,1646,16 Oz Tall
185,200,FRU_L1,Frutal,2026-12-05 06:00:00.000,1700,16 Oz Tall
186,200,FRU_L1,Frutal,2026-12-06 06:00:00.000,1449,16 Oz Tall
187,200,FRU_L1,Frutal,2026-12-07 06:00:00.000,1574,16 Oz Tall
188,200,FRU_L1,Frutal,2026-12-08 06:00:00.000,1679,16 Oz Tall
189,200,FRU_L1,Frutal,2026-12-09 06:00:00.000,1769,16 Oz Tall
190,200,FRU_L1,Frutal,2026-12-10 06:00:00.000,1697,16 Oz Tall
191,200,FRU_L1,Frutal,2026-12-11 06:00:00.000,1561,16 Oz Tall
192,200,FRU_L1,Frutal,2026-12-12 06:00:00.000,1502,16 Oz Tall
193,200,FRU_L1,Frutal,2026-12-13 06:00:00.000,1693,16 Oz Tall
194,200,FRU_L1,Frutal,2026-12-14 06:00:00.000,1678,16 Oz Tall
195,200,FRU_L1,Frutal,2026-12-15 06:00:00.000,1463,16 Oz Tall
196,200,FRU_L2,Frutal,2026-12-01 06:00:00.000,1508,16 Oz Tall
197,200,FRU_L2,Frutal,2026-12-02 06:00:00.000,1619,16 Oz Tall
198,200,FRU_L2,Frutal,2026-12-03 06:00:00.000,1607,16 Oz Tall
199,200,FRU_L2,Frutal,2026-12-04 06:00:00.000,1518,16 Oz Tall
200,200,FRU_L2,Frutal,2026-12-05 06:00:00.000,1644,16 Oz Tall
201,200,FRU_L2,Frutal,2026-12-06 06:00:00.000,1426,16 Oz Tall
202,200,FRU_L2,Frutal,2026-12-07 06:00:00.000,1562,16 Oz Tall
203,200,FRU_L2,Frutal,2026-12-08 06:00:00.000,1706,16 Oz Tall
204,200,FRU_L2,Frutal,2026-12-09 06:00:00.000,1608,16 Oz Tall
205,200,FRU_L2,Frutal,2026-12-10 06:00:00.000,1495,16 Oz Tall
206,200,FRU_L2,Frutal,2026-12-11 06:00:00.000,1543,16 Oz Tall
207,200,FRU_L2,Frutal,2026-12-12 06:00:00.000,1510,16 Oz Tall
208,200,FRU_L2,Frutal,2026-12-13 06:00:00.000,1663,16 Oz Tall
209,200,FRU_L2,Frutal,2026-12-14 06:00:00.000,1630,16 Oz Tall
210,200,FRU_L2,Frutal,2026-12-15 06:00:00.000,1494,16 Oz Tall
211,200,FRU_L3,Frutal,2026-12-01 06:00:00.000,1618,16 Oz Tall
212,200,FRU_L3,Frutal,2026-12-02 06:00:00.000,1714,16 Oz Tall
213,200,FRU_L3,Frutal,2026-12-03 06:00:00.000,1586,16 Oz Tall
214,200,FRU_L3,Frutal,2026-12-04 06:00:00.000,1656,16 Oz Tall
215,200,FRU_L3,Frutal,2026-12-05 06:00:00.000,1618,16 Oz Tall
216,200,FRU_L3,Frutal,2026-12-06 06:00:00.000,1439,16 Oz Tall
217,200,FRU_L3,Frutal,2026-12-07 06:00:00.000,1505,16 Oz Tall
218,200,FRU_L3,Frutal,2026-12-08 06:00:00.000,1686,16 Oz Tall
219,200,FRU_L3,Frutal,2026-12-09 06:00:00.000,1635,16 Oz Tall
220,200,FRU_L3,Frutal,2026-12-10 06:00:00.000,1571,16 Oz Tall
221,200,FRU_L3,Frutal,2026-12-11 06:00:00.000,1505,16 Oz Tall
222,200,FRU_L3,Frutal,2026-12-12 06:00:00.000,1671,16 Oz Tall
223,200,FRU_L3,Frutal,2026-12-13 06:00:00.000,1561,16 Oz Tall
224,200,FRU_L3,Frutal,2026-12-14 06:00:00.000,1612,16 Oz Tall
225,200,FRU_L3,Frutal,2026-12-15 06:00:00.000,1677,16 Oz Tall
226,200,POU_L1,Pouso Alegre,2026-12-01 06:00:00.000,1503,9.1 Oz Sleek
227,200,POU_L1,Pouso Alegre,2026-12-02 06:00:00.000,1653,9.1 Oz Sleek
228,200,POU_L1,Pouso Alegre,2026-12-03 06:00:00.000,1542,9.1 Oz Sleek
229,200,POU_L1,Pouso Alegre,2026-12-04 06:00:00.000,1577,9.1 Oz Sleek
230,200,POU_L1,Pouso Alegre,2026-12-05 06:00:00.000,1534,9.1 Oz Sleek
231,200,POU_L1,Pouso Alegre,2026-12-06 06:00:00.000,1674,9.1 Oz Sleek
232,200,POU_L1,Pouso Alegre,2026-12-07 06:00:00.000,1659,9.1 Oz Sleek
233,200,POU_L1,Pouso Alegre,2026-12-08 06:00:00.000,1461,9.1 Oz Sleek
234,200,POU_L1,Pouso Alegre,2026-12-09 06:00:00.000,1667,9.1 Oz Sleek
235,200,POU_L1,Pouso Alegre,2026-12-10 06:00:00.000,1628,9.1 Oz Sleek
236,200,POU_L1,Pouso Alegre,2026-12-11 06:00:00.000,1672,9.1 Oz Sleek
237,200,POU_L1,Pouso Alegre,2026-12-12 06:00:00.000,1602,9.1 Oz Sleek
238,200,POU_L1,Pouso Alegre,2026-12-13 06:00:00.000,1600,9.1 Oz Sleek
239,200,POU_L1,Pouso Alegre,2026-12-14 06:00:00.000,1618,9.1 Oz Sleek
240,200,POU_L1,Pouso Alegre,2026-12-15 06:00:00.000,1526,9.1 Oz Sleek
241,200,POU_L2,Pouso Alegre,2026-12-01 06:00:00.000,1733,9.1 Oz Sleek
242,200,POU_L2,Pouso Alegre,2026-12-02 06:00:00.000,1547,9.1 Oz Sleek
243,200,POU_L2,Pouso Alegre,2026-12-03 06:00:00.000,1723,9.1 Oz Sleek
244,200,POU_L2,Pouso Alegre,2026-12-04 06:00:00.000,1569,9.1 Oz Sleek
245,200,POU_L2,Pouso Alegre,2026-12-05 06:00:00.000,1508,9.1 Oz Sleek
246,200,POU_L2,Pouso Alegre,2026-12-06 06:00:00.000,1746,9.1 Oz Sleek
247,200,POU_L2,Pouso Alegre,2026-12-07 06:00:00.000,1750,9.1 Oz Sleek
248,200,POU_L2,Pouso Alegre,2026-12-08 06:00:00.000,1680,9.1 Oz Sleek
249,200,POU_L2,Pouso Alegre,2026-12-09 06:00:00.000,1747,9.1 Oz Sleek
250,200,POU_L2,Pouso Alegre,2026-12-10 06:00:00.000,1713,9.1 Oz Sleek
251,200,POU_L2,Pouso Alegre,2026-12-11 06:00:00.000,1618,9.1 Oz Sleek
252,200,POU_L2,Pouso Alegre,2026-12-12 06:00:00.000,1564,9.1 Oz Sleek
253,200,POU_L2,Pouso Alegre,2026-12-13 06:00:00.000,1670,9.1 Oz Sleek
254,200,POU_L2,Pouso Alegre,2026-12-14 06:00:00.000,1648,9.1 Oz Sleek
255,200,POU_L2,Pouso Alegre,2026-12-15 06:00:00.000,1724,9.1 Oz Sleek
256,200,POU_L3,Pouso Alegre,2026-12-01 06:00:00.000,1572,9.1 Oz Sleek
257,200,POU_L3,Pouso Alegre,2026-12-02 06:00:00.000,1545,9.1 Oz Sleek
258,200,POU_L3,Pouso Alegre,2026-12-03 06:00:00.000,1673,9.1 Oz Sleek
259,200,POU_L3,Pouso Alegre,2026-12-04 06:00:00.000,1617,9.1 Oz Sleek
260,200,POU_L3,Pouso Alegre,2026-12-05 06:00:00.000,1596,9.1 Oz Sleek
261,200,POU_L3,Pouso Alegre,2026-12-06 06:00:00.000,1694,9.1 Oz Sleek
262,200,POU_L3,Pouso Alegre,2026-12-07 06:00:00.000,1649,9.1 Oz Sleek
263,200,POU_L3,Pouso Alegre,2026-12-08 06:00:00.000,1652,9.1 Oz Sleek
264,200,POU_L3,Pouso Alegre,2026-12-09 06:00:00.000,1677,9.1 Oz Sleek
265,200,POU_L3,Pouso Alegre,2026-12-10 06:00:00.000,1588,9.1 Oz Sleek
266,200,POU_L3,Pouso Alegre,2026-12-11 06:00:00.000,1572,9.1 Oz Sleek
267,200,POU_L3,Pouso Alegre,2026-12-12 06:00:00.000,1495,9.1 Oz Sleek
268,200,POU_L3,Pouso Alegre,2026-12-13 06:00:00.000,1606,9.1 Oz Sleek
269,200,POU_L3,Pouso Alegre,2026-12-14 06:00:00.000,1609,9.1 Oz Sleek
270,200,POU_L3,Pouso Alegre,2026-12-15 06:00:00.000,1582,9.1 Oz Sleek
271,200,GAM_L1,Gama,2026-12-01 06:00:00.000,1596,12 Oz Standard
272,200,GAM_L1,Gama,2026-12-02 06:00:00.000,1632,12 Oz Standard
273,200,GAM_L1,Gama,2026-12-03 06:00:00.000,1410,12 Oz Standard
274,200,GAM_L1,Gama,2026-12-04 06:00:00.000,1675,12 Oz Standard
275,200,GAM_L1,Gama,2026-12-05 06:00:00.000,1624,12 Oz Standard
276,200,GAM_L1,Gama,2026-12-06 06:00:00.000,1531,12 Oz Standard
277,200,GAM_L1,Gama,2026-12-07 06:00:00.000,1566,12 Oz Standard
278,200,GAM_L1,Gama,2026-12-08 06:00:00.000,1659,12 Oz Standard
279,200,GAM_L1,Gama,2026-12-09 06:00:00.000,1657,12 Oz Standard
280,200,GAM_L1,Gama,2026-12-10 06:00:00.000,1659,12 Oz Standard
281,200,GAM_L1,Gama,2026-12-11 06:00:00.000,1666,12 Oz Standard
282,200,GAM_L1,Gama,2026-12-12 06:00:00.000,1643,12 Oz Standard
283,200,GAM_L1,Gama,2026-12-13 06:00:00.000,1503,12 Oz Standard
284,200,GAM_L1,Gama,2026-12-14 06:00:00.000,1594,12 Oz Standard
285,200,GAM_L1,Gama,2026-12-15 06:00:00.000,1649,12 Oz Standard
286,200,GAM_L2,Gama,2026-12-01 06:00:00.000,1683,12 Oz Standard
287,200,GAM_L2,Gama,2026-12-02 06:00:00.000,1696,12 Oz Standard
288,200,GAM_L2,Gama,2026-12-03 06:00:00.000,1659,12 Oz Standard
289,200,GAM_L2,Gama,2026-12-04 06:00:00.000,1600,12 Oz Standard
290,200,GAM_L2,Gama,2026-12-05 06:00:00.000,1584,12 Oz Standard
291,200,GAM_L2,Gama,2026-12-06 06:00:00.000,1656,12 Oz Standard
292,200,GAM_L2,Gama,2026-12-07 06:00:00.000,1614,12 Oz Standard
293,200,GAM_L2,Gama,2026-12-08 06:00:00.000,1601,12 Oz Standard
294,200,GAM_L2,Gama,2026-12-09 06:00:00.000,1536,12 Oz Standard
295,200,GAM_L2,Gama,2026-12-10 06:00:00.000,1682,12 Oz Standard
296,200,GAM_L2,Gama,2026-12-11 06:00:00.000,1640,12 Oz Standard
297,200,GAM_L2,Gama,2026-12-12 06:00:00.000,1546,12 Oz Standard
298,200,GAM_L2,Gama,2026-12-13 06:00:00.000,1568,12 Oz Standard
299,200,GAM_L2,Gama,2026-12-14 06:00:00.000,1589,12 Oz Standard
300,200,GAM_L2,Gama,2026-12-15 06:00:00.000,1708,12 Oz Standard
301,200,GAM_L3,Gama,2026-12-01 06:00:00.000,1667,12 Oz Standard
302,200,GAM_L3,Gama,2026-12-02 06:00:00.000,1654,12 Oz Standard
303,200,GAM_L3,Gama,2026-12-03 06:00:00.000,1621,12 Oz Standard
304,200,GAM_L3,Gama,2026-12-04 06:00:00.000,1597,12 Oz Standard
305,200,GAM_L3,Gama,2026-12-05 06:00:00.000,1685,12 Oz Standard
306,200,GAM_L3,Gama,2026-12-06 06:00:00.000,1687,12 Oz Standard
307,200,GAM_L3,Gama,2026-12-07 06:00:00.000,1629,12 Oz Standard
308,200,GAM_L3,Gama,2026-12-08 06:00:00.000,1594,12 Oz Standard
309,200,GAM_L3,Gama,2026-12-09 06:00:00.000,1647,12 Oz Standard
310,200,GAM_L3,Gama,2026-12-10 06:00:00.000,1631,12 Oz Standard
311,200,GAM_L3,Gama,2026-12-11 06:00:00.000,1499,12 Oz Standard
312,200,GAM_L3,Gama,2026-12-12 06:00:00.000,1554,12 Oz Standard
313,200,GAM_L3,Gama,2026-12-13 06:00:00.000,1585,12 Oz Standard
314,200,GAM_L3,Gama,2026-12-14 06:00:00.000,1656,12 Oz Standard
315,200,GAM_L3,Gama,2026-12-15 06:00:00.000,1696,12 Oz Standard
316,200,VIA_L1,Viamao,2026-12-01 06:00:00.000,1583,16 Oz Tall
317,200,VIA_L1,Viamao,2026-12-02 06:00:00.000,1490,16 Oz Tall
318,200,VIA_L1,Viamao,2026-12-03 06:00:00.000,1613,16 Oz Tall
319,200,VIA_L1,Viamao,2026-12-04 06:00:00.000,1573,16 Oz Tall
320,200,VIA_L1,Viamao,2026-12-05 06:00:00.000,1548,16 Oz Tall
321,200,VIA_L1,Viamao,2026-12-06 06:00:00.000,1541,16 Oz Tall
322,200,VIA_L1,Viamao,2026-12-07 06:00:00.000,1778,16 Oz Tall
323,200,VIA_L1,Viamao,2026-12-08 06:00:00.000,1483,16 Oz Tall
324,200,VIA_L1,Viamao,2026-12-09 06:00:00.000,1607,16 Oz Tall
325,200,VIA_L1,Viamao,2026-12-10 06:00:00.000,1442,16 Oz Tall
326,200,VIA_L1,Viamao,2026-12-11 06:00:00.000,1630,16 Oz Tall
327,200,VIA_L1,Viamao,2026-12-12 06:00:00.000,1485,16 Oz Tall
328,200,VIA_L1,Viamao,2026-12-13 06:00:00.000,1679,16 Oz Tall
329,200,VIA_L1,Viamao,2026-12-14 06:00:00.000,1630,16 Oz Tall
330,200,VIA_L1,Viamao,2026-12-15 06:00:00.000,1625,16 Oz Tall
331,200,VIA_L2,Viamao,2026-12-01 06:00:00.000,1542,16 Oz Tall
332,200,VIA_L2,Viamao,2026-12-02 06:00:00.000,1666,16 Oz Tall
333,200,VIA_L2,Viamao,2026-12-03 06:00:00.000,1519,16 Oz Tall
334,200,VIA_L2,Viamao,2026-12-04 06:00:00.000,1580,16 Oz Tall
335,200,VIA_L2,Viamao,2026-12-05 06:00:00.000,1649,16 Oz Tall
336,200,VIA_L2,Viamao,2026-12-06 06:00:00.000,1493,16 Oz Tall
337,200,VIA_L2,Viamao,2026-12-07 06:00:00.000,1761,16 Oz Tall
338,200,VIA_L2,Viamao,2026-12-08 06:00:00.000,1563,16 Oz Tall
339,200,VIA_L2,Viamao,2026-12-09 06:00:00.000,1584,16 Oz Tall
340,200,VIA_L2,Viamao,2026-12-10 06:00:00.000,1674,16 Oz Tall
341,200,VIA_L2,Viamao,2026-12-11 06:00:00.000,1482,16 Oz Tall
342,200,VIA_L2,Viamao,2026-12-12 06:00:00.000,1718,16 Oz Tall
343,200,VIA_L2,Viamao,2026-12-13 06:00:00.000,1569,16 Oz Tall
344,200,VIA_L2,Viamao,2026-12-14 06:00:00.000,1554,16 Oz Tall
345,200,VIA_L2,Viamao,2026-12-15 06:00:00.000,1520,16 Oz Tall
346,200,VIA_L3,Viamao,2026-12-01 06:00:00.000,1668,16 Oz Tall
347,200,VIA_L3,Viamao,2026-12-02 06:00:00.000,1667,16 Oz Tall
348,200,VIA_L3,Viamao,2026-12-03 06:00:00.000,1676,16 Oz Tall
349,200,VIA_L3,Viamao,2026-12-04 06:00:00.000,1604,16 Oz Tall
350,200,VIA_L3,Viamao,2026-12-05 06:00:00.000,1656,16 Oz Tall
351,200,VIA_L3,Viamao,2026-12-06 06:00:00.000,1358,16 Oz Tall
352,200,VIA_L3,Viamao,2026-12-07 06:00:00.000,1635,16 Oz Tall
353,200,VIA_L3,Viamao,2026-12-08 06:00:00.000,1711,16 Oz Tall
354,200,VIA_L3,Viamao,2026-12-09 06:00:00.000,1696,16 Oz Tall
355,200,VIA_L3,Viamao,2026-12-10 06:00:00.000,1568,16 Oz Tall
356,200,VIA_L3,Viamao,2026-12-11 06:00:00.000,1642,16 Oz Tall
357,200,VIA_L3,Viamao,2026-12-12 06:00:00.000,1643,16 Oz Tall
358,200,VIA_L3,Viamao,2026-12-13 06:00:00.000,1472,16 Oz Tall
359,200,VIA_L3,Viamao,2026-12-14 06:00:00.000,1660,16 Oz Tall
360,200,VIA_L3,Viamao,2026-12-15 06:00:00.000,1666,16 Oz Tall
361,200,ITU_L1,Itupeva,2026-12-01 06:00:00.000,1712,9.1 Oz Sleek
362,200,ITU_L1,Itupeva,2026-12-02 06:00:00.000,1678,9.1 Oz Sleek
363,200,ITU_L1,Itupeva,2026-12-03 06:00:00.000,1581,9.1 Oz Sleek
364,200,ITU_L1,Itupeva,2026-12-04 06:00:00.000,1653,9.1 Oz Sleek
365,200,ITU_L1,Itupeva,2026-12-05 06:00:00.000,1675,9.1 Oz Sleek
366,200,ITU_L1,Itupeva,2026-12-06 06:00:00.000,1588,9.1 Oz Sleek
367,200,ITU_L1,Itupeva,2026-12-07 06:00:00.000,1529,9.1 Oz Sleek
368,200,ITU_L1,Itupeva,2026-12-08 06:00:00.000,1548,9.1 Oz Sleek
369,200,ITU_L1,Itupeva,2026-12-09 06:00:00.000,1588,9.1 Oz Sleek
370,200,ITU_L1,Itupeva,2026-12-10 06:00:00.000,1786,9.1 Oz Sleek
371,200,ITU_L1,Itupeva,2026-12-11 06:00:00.000,1561,9.1 Oz Sleek
372,200,ITU_L1,Itupeva,2026-12-12 06:00:00.000,1643,9.1 Oz Sleek
373,200,ITU_L1,Itupeva,2026-12-13 06:00:00.000,1876,9.1 Oz Sleek
374,200,ITU_L1,Itupeva,2026-12-14 06:00:00.000,1605,9.1 Oz Sleek
375,200,ITU_L1,Itupeva,2026-12-15 06:00:00.000,1633,9.1 Oz Sleek
376,200,ITU_L2,Itupeva,2026-12-01 06:00:00.000,1645,9.1 Oz Sleek
377,200,ITU_L2,Itupeva,2026-12-02 06:00:00.000,1666,9.1 Oz Sleek
378,200,ITU_L2,Itupeva,2026-12-03 06:00:00.000,1711,9.1 Oz Sleek
379,200,ITU_L2,Itupeva,2026-12-04 06:00:00.000,1538,9.1 Oz Sleek
380,200,ITU_L2,Itupeva,2026-12-05 06:00:00.000,1566,9.1 Oz Sleek
381,200,ITU_L2,Itupeva,2026-12-06 06:00:00.000,1457,9.1 Oz Sleek
382,200,ITU_L2,Itupeva,2026-12-07 06:00:00.000,1402,9.1 Oz Sleek
383,200,ITU_L2,Itupeva,2026-12-08 06:00:00.000,1583,9.1 Oz Sleek
384,200,ITU_L2,Itupeva,2026-12-09 06:00:00.000,1563,9.1 Oz Sleek
385,200,ITU_L2,Itupeva,2026-12-10 06:00:00.000,1754,9.1 Oz Sleek
386,200,ITU_L2,Itupeva,2026-12-11 06:00:00.000,1520,9.1 Oz Sleek
387,200,ITU_L2,Itupeva,2026-12-12 06:00:00.000,1382,9.1 Oz Sleek
388,200,ITU_L2,Itupeva,2026-12-13 06:00:00.000,1774,9.1 Oz Sleek
389,200,ITU_L2,Itupeva,2026-12-14 06:00:00.000,1589,9.1 Oz Sleek
390,200,ITU_L2,Itupeva,2026-12-15 06:00:00.000,1694,9.1 Oz Sleek
391,200,ITU_L3,Itupeva,2026-12-01 06:00:00.000,1550,9.1 Oz Sleek
392,200,ITU_L3,Itupeva,2026-12-02 06:00:00.000,1586,9.1 Oz Sleek
393,200,ITU_L3,Itupeva,2026-12-03 06:00:00.000,1469,9.1 Oz Sleek
394,200,ITU_L3,Itupeva,2026-12-04 06:00:00.000,1619,9.1 Oz Sleek
395,200,ITU_L3,Itupeva,2026-12-05 06:00:00.000,1725,9.1 Oz Sleek
396,200,ITU_L3,Itupeva,2026-12-06 06:00:00.000,1557,9.1 Oz Sleek
397,200,ITU_L3,Itupeva,2026-12-07 06:00:00.000,1693,9.1 Oz Sleek
398,200,ITU_L3,Itupeva,2026-12-08 06:00:00.000,1636,9.1 Oz Sleek
399,200,ITU_L3,Itupeva,2026-12-09 06:00:00.000,1719,9.1 Oz Sleek
400,200,ITU_L3,Itupeva,2026-12-10 06:00:00.000,1627,9.1 Oz Sleek
401,200,ITU_L3,Itupeva,2026-12-11 06:00:00.000,1638,9.1 Oz Sleek
402,200,ITU_L3,Itupeva,2026-12-12 06:00:00.000,1709,9.1 Oz Sleek
403,200,ITU_L3,Itupeva,2026-12-13 06:00:00.000,1603,9.1 Oz Sleek
404,200,ITU_L3,Itupeva,2026-12-14 06:00:00.000,1662,9.1 Oz Sleek
405,200,ITU_L3,Itupeva,2026-12-15 06:00:00.000,1603,9.1 Oz Sleek
406,200,CAB_L1,Cabo de Santo Agostinho,2026-12-01 06:00:00.000,1478,12 Oz Standard
407,200,CAB_L1,Cabo de Santo Agostinho,2026-12-02 06:00:00.000,1548,12 Oz Standard
408,200,CAB_L1,Cabo de Santo Agostinho,2026-12-03 06:00:00.000,1589,12 Oz Standard
409,200,CAB_L1,Cabo de Santo Agostinho,2026-12-04 06:00:00.000,1772,12 Oz Standard
410,200,CAB_L1,Cabo de Santo Agostinho,2026-12-05 06:00:00.000,1490,12 Oz Standard
411,200,CAB_L1,Cabo de Santo Agostinho,2026-12-06 06:00:00.000,1569,12 Oz Standard
412,200,CAB_L1,Cabo de Santo Agostinho,2026-12-07 06:00:00.000,1602,12 Oz Standard
413,200,CAB_L1,Cabo de Santo Agostinho,2026-12-08 06:00:00.000,1794,12 Oz Standard
414,200,CAB_L1,Cabo de Santo Agostinho,2026-12-09 06:00:00.000,1545,12 Oz Standard
415,200,CAB_L1,Cabo de Santo Agostinho,2026-12-10 06:00:00.000,1550,12 Oz Standard
416,200,CAB_L1,Cabo de Santo Agostinho,2026-12-11 06:00:00.000,1629,12 Oz Standard
417,200,CAB_L1,Cabo de Santo Agostinho,2026-12-12 06:00:00.000,1589,12 Oz Standard
418,200,CAB_L1,Cabo de Santo Agostinho,2026-12-13 06:00:00.000,1614,12 Oz Standard
419,200,CAB_L1,Cabo de Santo Agostinho,2026-12-14 06:00:00.000,1590,12 Oz Standard
420,200,CAB_L1,Cabo de Santo Agostinho,2026-12-15 06:00:00.000,1574,12 Oz Standard
421,200,CAB_L2,Cabo de Santo Agostinho,2026-12-01 06:00:00.000,1517,12 Oz Standard
422,200,CAB_L2,Cabo de Santo Agostinho,2026-12-02 06:00:00.000,1606,12 Oz Standard
423,200,CAB_L2,Cabo de Santo Agostinho,2026-12-03 06:00:00.000,1664,12 Oz Standard
424,200,CAB_L2,Cabo de Santo Agostinho,2026-12-04 06:00:00.000,1498,12 Oz Standard
425,200,CAB_L2,Cabo de Santo Agostinho,2026-12-05 06:00:00.000,1597,12 Oz Standard
426,200,CAB_L2,Cabo de Santo Agostinho,2026-12-06 06:00:00.000,1497,12 Oz Standard
427,200,CAB_L2,Cabo de Santo Agostinho,2026-12-07 06:00:00.000,1552,12 Oz Standard
428,200,CAB_L2,Cabo de Santo Agostinho,2026-12-08 06:00:00.000,1623,12 Oz Standard
429,200,CAB_L2,Cabo de Santo Agostinho,2026-12-09 06:00:00.000,1462,12 Oz Standard
430,200,CAB_L2,Cabo de Santo Agostinho,2026-12-10 06:00:00.000,1531,12 Oz Standard
431,200,CAB_L2,Cabo de Santo Agostinho,2026-12-11 06:00:00.000,1520,12 Oz Standard
432,200,CAB_L2,Cabo de Santo Agostinho,2026-12-12 06:00:00.000,1572,12 Oz Standard
433,200,CAB_L2,Cabo de Santo Agostinho,2026-12-13 06:00:00.000,1642,12 Oz Standard
434,200,CAB_L2,Cabo de Santo Agostinho,2026-12-14 06:00:00.000,1742,12 Oz Standard
435,200,CAB_L2,Cabo de Santo Agostinho,2026-12-15 06:00:00.000,1590,12 Oz Standard
436,200,CAB_L3,Cabo de Santo Agostinho,2026-12-01 06:00:00.000,1462,12 Oz Standard
437,200,CAB_L3,Cabo de Santo Agostinho,2026-12-02 06:00:00.000,1669,12 Oz Standard
438,200,CAB_L3,Cabo de Santo Agostinho,2026-12-03 06:00:00.000,1711,12 Oz Standard
439,200,CAB_L3,Cabo de Santo Agostinho,2026-12-04 06:00:00.000,1645,12 Oz Standard
440,200,CAB_L3,Cabo de Santo Agostinho,2026-12-05 06:00:00.000,1572,12 Oz Standard
441,200,CAB_L3,Cabo de Santo Agostinho,2026-12-06 06:00:00.000,1541,12 Oz Standard
442,200,CAB_L3,Cabo de Santo Agostinho,2026-12-07 06:00:00.000,1712,12 Oz Standard
443,200,CAB_L3,Cabo de Santo Agostinho,2026-12-08 06:00:00.000,1667,12 Oz Standard
444,200,CAB_L3,Cabo de Santo Agostinho,2026-12-09 06:00:00.000,1704,12 Oz Standard
445,200,CAB_L3,Cabo de Santo Agostinho,2026-12-10 06:00:00.000,1578,12 Oz Standard
446,200,CAB_L3,Cabo de Santo Agostinho,2026-12-11 06:00:00.000,1765,12 Oz Standard
447,200,CAB_L3,Cabo de Santo Agostinho,2026-12-12 06:00:00.000,1598,12 Oz Standard
448,200,CAB_L3,Cabo de Santo Agostinho,2026-12-13 06:00:00.000,1581,12 Oz Standard
449,200,CAB_L3,Cabo de Santo Agostinho,2026-12-14 06:00:00.000,1638,12 Oz Standard
450,200,CAB_L3,Cabo de Santo Agostinho,2026-12-15 06:00:00.000,1655,12 Oz Standard
