id,scenario_id,production_line,plant,customer,order_number,product_id,sku_size_shape,deadline,prod_need
1,200,JAC_L1,Jacarei,,,Stella_Artois_Pure_Gold,12 Oz Standard,2026-12-01 06:00:00.000,"35808,81"
2,200,JAC_L1,Jacarei,,,H2OH_Limao,12 Oz Standard,2026-12-01 06:00:00.000,"6345,52"
3,200,JAC_L1,Jacarei,,,Sprite,12 Oz Standard,2026-12-01 06:00:00.000,"13305,02"
4,200,JAC_L1,Jacarei,,,Skol_Lata,12 Oz Standard,2026-12-02 06:00:00.000,"49969,53"
5,200,JAC_L1,Jacarei,,,Coca_Cola,12 Oz Standard,2026-12-03 06:00:00.000,"62129,45"
6,200,JAC_L1,Jacarei,,,Kuat,12 Oz Standard,2026-12-04 06:00:00.000,"40542,3"
7,200,JAC_L1,Jacarei,,,Maguary_Caju,12 Oz Standard,2026-12-04 06:00:00.000,"17214,43"
8,200,JAC_L1,Jacarei,,,Amstel_Lata,12 Oz Standard,2026-12-05 06:00:00.000,"47400,08"
9,200,JAC_L1,Jacarei,,,Stella_Artois_Pure_Gold,12 Oz Standard,2026-12-05 06:00:00.000,"11116,81"
10,200,JAC_L1,Jacarei,,,Maguary_Caju,12 Oz Standard,2026-12-06 06:00:00.000,"26985,25"
11,200,JAC_L1,Jacarei,,,Itubaina,12 Oz Standard,2026-12-06 06:00:00.000,"22984,32"
12,200,JAC_L1,Jacarei,,,Eisenbahn_Pilsen,12 Oz Standard,2026-12-06 06:00:00.000,"6472,98"
13,200,JAC_L1,Jacarei,,,Fanta_Laranja,12 Oz Standard,2026-12-07 06:00:00.000,"24259,12"
14,200,JAC_L1,Jacarei,,,Schweppes_Citrus,12 Oz Standard,2026-12-07 06:00:00.000,"32192,84"
15,200,JAC_L1,Jacarei,,,Sukita_Laranja,12 Oz Standard,2026-12-08 06:00:00.000,"39357,81"
16,200,JAC_L1,Jacarei,,,Eisenbahn_Pilsen,12 Oz Standard,2026-12-08 06:00:00.000,"10873,89"
17,200,JAC_L1,Jacarei,,,Maguary_Caju,12 Oz Standard,2026-12-08 06:00:00.000,"6926,1"
18,200,JAC_L1,Jacarei,,,Coca_Cola_Zero,12 Oz Standard,2026-12-09 06:00:00.000,"42841,83"
19,200,JAC_L1,Jacarei,,,Schweppes_Citrus,12 Oz Standard,2026-12-09 06:00:00.000,"24012,97"
20,200,JAC_L1,Jacarei,,,Coca_Cola_Zero,12 Oz Standard,2026-12-10 06:00:00.000,"54838,12"
21,200,JAC_L1,Jacarei,,,Eisenbahn_Pilsen,12 Oz Standard,2026-12-11 06:00:00.000,"56857,52"
22,200,JAC_L1,Jacarei,,,Del_Valle_Pessego,12 Oz Standard,2026-12-12 06:00:00.000,"26369,34"
23,200,JAC_L1,Jacarei,,,H2OH_Limao,12 Oz Standard,2026-12-12 06:00:00.000,"33932,42"
24,200,JAC_L1,Jacarei,,,Sukita_Laranja,12 Oz Standard,2026-12-13 06:00:00.000,"58110,75"
25,200,JAC_L1,Jacarei,,,H2OH_Limao,12 Oz Standard,2026-12-14 06:00:00.000,"9118,17"
26,200,JAC_L1,Jacarei,,,Brahma_Lata,12 Oz Standard,2026-12-14 06:00:00.000,"35689,88"
27,200,JAC_L1,Jacarei,,,Guarana_Antarctica,12 Oz Standard,2026-12-14 06:00:00.000,"17866,4"
28,200,JAC_L1,Jacarei,,,Schweppes_Citrus,12 Oz Standard,2026-12-15 06:00:00.000,"64889,75"
29,200,JAC_L2,Jacarei,,,Itubaina,12 Oz Standard,2026-12-01 06:00:00.000,"16040,37"
30,200,JAC_L2,Jacarei,,,Heineken_Lata,9.1 Oz Sleek,2026-12-01 06:00:00.000,"27446,35"
31,200,JAC_L2,Jacarei,,,Schweppes_Citrus,12 Oz Standard,2026-12-01 06:00:00.000,"13000,2"
32,200,JAC_L2,Jacarei,,,Del_Valle_Pessego,12 Oz Standard,2026-12-02 06:00:00.000,"31222,47"
33,200,JAC_L2,Jacarei,,,Amstel_Lata,12 Oz Standard,2026-12-02 06:00:00.000,"32789,39"
34,200,JAC_L2,Jacarei,,,H2OH_Limao,12 Oz Standard,2026-12-03 06:00:00.000,"16066,81"
35,200,JAC_L2,Jacarei,,,Stella_Artois_Pure_Gold,12 Oz Standard,2026-12-03 06:00:00.000,"30819,86"
36,200,JAC_L2,Jacarei,,,Heineken_Lata,12 Oz Standard,2026-12-03 06:00:00.000,"7287,97"
37,200,JAC_L2,Jacarei,,,Coca_Cola,12 Oz Standard,2026-12-04 06:00:00.000,"52575,93"
38,200,JAC_L2,Jacarei,,,Del_Valle_Uva,12 Oz Standard,2026-12-04 06:00:00.000,"6787,43"
39,200,JAC_L2,Jacarei,,,Eisenbahn_Pilsen,9.1 Oz Sleek,2026-12-05 06:00:00.000,"52859,59"
40,200,JAC_L2,Jacarei,,,H2OH_Limao,12 Oz Standard,2026-12-06 06:00:00.000,"4240,02"
41,200,JAC_L2,Jacarei,,,Schweppes_Citrus,12 Oz Standard,2026-12-06 06:00:00.000,"33341,83"
42,200,JAC_L2,Jacarei,,,Guarana_Antarctica_Zero,12 Oz Standard,2026-12-06 06:00:00.000,"13850,23"
43,200,JAC_L2,Jacarei,,,H2OH_Limao,12 Oz Standard,2026-12-07 06:00:00.000,"19615,29"
44,200,JAC_L2,Jacarei,,,Kuat,12 Oz Standard,2026-12-07 06:00:00.000,"20555,55"
45,200,JAC_L2,Jacarei,,,Del_Valle_Laranja,12 Oz Standard,2026-12-07 06:00:00.000,"19148,46"
46,200,JAC_L2,Jacarei,,,Itubaina,12 Oz Standard,2026-12-08 06:00:00.000,"21081,7"
47,200,JAC_L2,Jacarei,,,Sprite,12 Oz Standard,2026-12-08 06:00:00.000,"13726,71"
48,200,JAC_L2,Jacarei,,,Guarana_Antarctica_Zero,12 Oz Standard,2026-12-08 06:00:00.000,"22997,21"
49,200,JAC_L2,Jacarei,,,Guarana_Antarctica_Zero,12 Oz Standard,2026-12-09 06:00:00.000,"31639,35"
50,200,JAC_L2,Jacarei,,,Pepsi_Black,12 Oz Standard,2026-12-09 06:00:00.000,"14175,47"
51,200,JAC_L2,Jacarei,,,Amstel_Lata,12 Oz Standard,2026-12-09 06:00:00.000,"10959,69"
52,200,JAC_L2,Jacarei,,,Pepsi,12 Oz Standard,2026-12-10 06:00:00.000,"10338,99"
53,200,JAC_L2,Jacarei,,,Coca_Cola,12 Oz Standard,2026-12-10 06:00:00.000,"37191,83"
54,200,JAC_L2,Jacarei,,,Maguary_Caju,16 Oz Tall,2026-12-10 06:00:00.000,"9078,71"
55,200,JAC_L2,Jacarei,,,Maguary_Maracuja,12 Oz Standard,2026-12-11 06:00:00.000,"48603,91"
56,200,JAC_L2,Jacarei,,,Pepsi,12 Oz Standard,2026-12-11 06:00:00.000,"7561,2"
57,200,JAC_L2,Jacarei,,,Maguary_Maracuja,12 Oz Standard,2026-12-12 06:00:00.000,"32665,84"
58,200,JAC_L2,Jacarei,,,Budweiser_Lata,12 Oz Standard,2026-12-12 06:00:00.000,"28453,64"
59,200,JAC_L2,Jacarei,,,H2OH_Limao,16 Oz Tall,2026-12-13 06:00:00.000,"64032,89"
60,200,JAC_L2,Jacarei,,,Itaipava_Lata,12 Oz Standard,2026-12-14 06:00:00.000,"24530,92"
61,200,JAC_L2,Jacarei,,,H2OH_Limao,12 Oz Standard,2026-12-14 06:00:00.000,"17419,32"
62,200,JAC_L2,Jacarei,,,Maguary_Maracuja,12 Oz Standard,2026-12-14 06:00:00.000,"21234,37"
63,200,JAC_L2,Jacarei,,,Heineken_Lata,12 Oz Standard,2026-12-15 06:00:00.000,"64130,71"
64,200,JAC_L3,Jacarei,,,Fanta_Laranja,12 Oz Standard,2026-12-01 06:00:00.000,"8583,3"
65,200,JAC_L3,Jacarei,,,Itubaina,12 Oz Standard,2026-12-01 06:00:00.000,"48241,29"
66,200,JAC_L3,Jacarei,,,Sprite,12 Oz Standard,2026-12-02 06:00:00.000,"62950,82"
67,200,JAC_L3,Jacarei,,,Del_Valle_Laranja,12 Oz Standard,2026-12-03 06:00:00.000,"30874,3"
68,200,JAC_L3,Jacarei,,,Brahma_Lata,12 Oz Standard,2026-12-03 06:00:00.000,"17739,35"
69,200,JAC_L3,Jacarei,,,Coca_Cola_Zero,12 Oz Standard,2026-12-03 06:00:00.000,"8237,73"
70,200,JAC_L3,Jacarei,,,Eisenbahn_Pilsen,12 Oz Standard,2026-12-04 06:00:00.000,"39962,05"
71,200,JAC_L3,Jacarei,,,Del_Valle_Laranja,12 Oz Standard,2026-12-04 06:00:00.000,"21928,41"
72,200,JAC_L3,Jacarei,,,Del_Valle_Laranja,12 Oz Standard,2026-12-05 06:00:00.000,"51345,96"
73,200,JAC_L3,Jacarei,,,Brahma_Lata,12 Oz Standard,2026-12-06 06:00:00.000,"29655,12"
74,200,JAC_L3,Jacarei,,,Antarctica_Lata,12 Oz Standard,2026-12-06 06:00:00.000,"28155,17"
75,200,JAC_L3,Jacarei,,,H2OH_Limao,12 Oz Standard,2026-12-07 06:00:00.000,"72114,48"
76,200,JAC_L3,Jacarei,,,Maguary_Caju,12 Oz Standard,2026-12-08 06:00:00.000,"66265,23"
77,200,JAC_L3,Jacarei,,,Skol_Lata,12 Oz Standard,2026-12-09 06:00:00.000,"54408,25"
78,200,JAC_L3,Jacarei,,,Pepsi,12 Oz Standard,2026-12-10 06:00:00.000,"11191,78"
79,200,JAC_L3,Jacarei,,,Skol_Lata,12 Oz Standard,2026-12-10 06:00:00.000,"22702,11"
80,200,JAC_L3,Jacarei,,,Coca_Cola,12 Oz Standard,2026-12-10 06:00:00.000,"23709,59"
81,200,JAC_L3,Jacarei,,,Coca_Cola,12 Oz Standard,2026-12-11 06:00:00.000,"11389,52"
82,200,JAC_L3,Jacarei,,,Sukita_Laranja,12 Oz Standard,2026-12-11 06:00:00.000,"26874,02"
83,200,JAC_L3,Jacarei,,,Guarana_Antarctica_Zero,9.1 Oz Sleek,2026-12-11 06:00:00.000,"13785,81"
84,200,JAC_L3,Jacarei,,,Spaten_Lata,16 Oz Tall,2026-12-12 06:00:00.000,"54892,39"
85,200,JAC_L3,Jacarei,,,Spaten_Lata,12 Oz Standard,2026-12-13 06:00:00.000,"27907,89"
86,200,JAC_L3,Jacarei,,,Guarana_Antarctica,12 Oz Standard,2026-12-13 06:00:00.000,"30640,11"
87,200,JAC_L3,Jacarei,,,Fanta_Laranja,12 Oz Standard,2026-12-14 06:00:00.000,"17848,1"
88,200,JAC_L3,Jacarei,,,Itaipava_Lata,12 Oz Standard,2026-12-14 06:00:00.000,"19222,39"
89,200,JAC_L3,Jacarei,,,Eisenbahn_Pilsen,12 Oz Standard,2026-12-14 06:00:00.000,"18856,98"
90,200,JAC_L3,Jacarei,,,Amstel_Lata,12 Oz Standard,2026-12-15 06:00:00.000,"61233,83"
91,200,EXT_L1,Extrema,,,Del_Valle_Laranja,12 Oz Standard,2026-12-01 06:00:00.000,"52824,54"
92,200,EXT_L1,Extrema,,,Kuat,16 Oz Tall,2026-12-01 06:00:00.000,"4854,52"
93,200,EXT_L1,Extrema,,,Brahma_Lata,16 Oz Tall,2026-12-02 06:00:00.000,"60364,47"
94,200,EXT_L1,Extrema,,,Coca_Cola,16 Oz Tall,2026-12-03 06:00:00.000,"56937,22"
95,200,EXT_L1,Extrema,,,Del_Valle_Uva,16 Oz Tall,2026-12-04 06:00:00.000,"49632,48"
96,200,EXT_L1,Extrema,,,Maguary_Caju,16 Oz Tall,2026-12-05 06:00:00.000,"32992,9"
97,200,EXT_L1,Extrema,,,Skol_Lata,16 Oz Tall,2026-12-05 06:00:00.000,"1410,22"
98,200,EXT_L1,Extrema,,,Guarana_Antarctica_Zero,16 Oz Tall,2026-12-05 06:00:00.000,"24961,44"
99,200,EXT_L1,Extrema,,,Eisenbahn_Pilsen,16 Oz Tall,2026-12-06 06:00:00.000,"55736,62"
100,200,EXT_L1,Extrema,,,Maguary_Maracuja,16 Oz Tall,2026-12-07 06:00:00.000,"6340,49"
101,200,EXT_L1,Extrema,,,Del_Valle_Pessego,12 Oz Standard,2026-12-07 06:00:00.000,"33346,76"
102,200,EXT_L1,Extrema,,,Del_Valle_Laranja,16 Oz Tall,2026-12-07 06:00:00.000,"14398,91"
103,200,EXT_L1,Extrema,,,Kuat,16 Oz Tall,2026-12-08 06:00:00.000,"51935,13"
104,200,EXT_L1,Extrema,,,Heineken_Lata,16 Oz Tall,2026-12-09 06:00:00.000,"20276,38"
105,200,EXT_L1,Extrema,,,Kuat,16 Oz Tall,2026-12-09 06:00:00.000,"33626,07"
106,200,EXT_L1,Extrema,,,Itubaina,16 Oz Tall,2026-12-09 06:00:00.000,"6351,94"
107,200,EXT_L1,Extrema,,,Itaipava_Lata,16 Oz Tall,2026-12-10 06:00:00.000,"35467,99"
108,200,EXT_L1,Extrema,,,Del_Valle_Uva,16 Oz Tall,2026-12-10 06:00:00.000,"25496,27"
109,200,EXT_L1,Extrema,,,Pepsi_Black,16 Oz Tall,2026-12-11 06:00:00.000,"14646,43"
110,200,EXT_L1,Extrema,,,Maguary_Caju,12 Oz Standard,2026-12-11 06:00:00.000,"47701,4"
111,200,EXT_L1,Extrema,,,Fanta_Laranja,9.1 Oz Sleek,2026-12-12 06:00:00.000,"19252,7"
112,200,EXT_L1,Extrema,,,H2OH_Limao,16 Oz Tall,2026-12-12 06:00:00.000,"21014,6"
113,200,EXT_L1,Extrema,,,Guarana_Antarctica_Zero,16 Oz Tall,2026-12-12 06:00:00.000,"16731,12"
114,200,EXT_L1,Extrema,,,Skol_Lata,16 Oz Tall,2026-12-13 06:00:00.000,"24147,51"
115,200,EXT_L1,Extrema,,,Sprite,16 Oz Tall,2026-12-13 06:00:00.000,"15787,47"
116,200,EXT_L1,Extrema,,,Del_Valle_Laranja,16 Oz Tall,2026-12-13 06:00:00.000,"21631,96"
117,200,EXT_L1,Extrema,,,Maguary_Caju,16 Oz Tall,2026-12-14 06:00:00.000,"40824,3"
118,200,EXT_L1,Extrema,,,Sprite,16 Oz Tall,2026-12-14 06:00:00.000,"8819,42"
119,200,EXT_L1,Extrema,,,Spaten_Lata,12 Oz Standard,2026-12-14 06:00:00.000,"5830,9"
120,200,EXT_L1,Extrema,,,Del_Valle_Uva,9.1 Oz Sleek,2026-12-15 06:00:00.000,"3796,25"
121,200,EXT_L1,Extrema,,,Budweiser_Lata,16 Oz Tall,2026-12-15 06:00:00.000,"38892,82"
122,200,EXT_L1,Extrema,,,Guarana_Antarctica_Zero,16 Oz Tall,2026-12-15 06:00:00.000,"12902,99"
123,200,EXT_L2,Extrema,,,H2OH_Limao,16 Oz Tall,2026-12-01 06:00:00.000,"31816,09"
124,200,EXT_L2,Extrema,,,Itubaina,16 Oz Tall,2026-12-01 06:00:00.000,"5902,94"
125,200,EXT_L2,Extrema,,,Fanta_Laranja,12 Oz Standard,2026-12-01 06:00:00.000,"21898,32"
126,200,EXT_L2,Extrema,,,Budweiser_Lata,16 Oz Tall,2026-12-02 06:00:00.000,"9420,95"
127,200,EXT_L2,Extrema,,,H2OH_Limao,12 Oz Standard,2026-12-02 06:00:00.000,"2252,21"
128,200,EXT_L2,Extrema,,,Spaten_Lata,16 Oz Tall,2026-12-02 06:00:00.000,"44372,55"
129,200,EXT_L2,Extrema,,,Del_Valle_Laranja,16 Oz Tall,2026-12-03 06:00:00.000,"26036,25"
130,200,EXT_L2,Extrema,,,Skol_Lata,16 Oz Tall,2026-12-03 06:00:00.000,"26961,74"
131,200,EXT_L2,Extrema,,,Itubaina,16 Oz Tall,2026-12-03 06:00:00.000,"1312,46"
132,200,EXT_L2,Extrema,,,Schweppes_Citrus,16 Oz Tall,2026-12-04 06:00:00.000,"32806,88"
133,200,EXT_L2,Extrema,,,Guarana_Antarctica,16 Oz Tall,2026-12-04 06:00:00.000,"9360,46"
134,200,EXT_L2,Extrema,,,Pepsi,16 Oz Tall,2026-12-04 06:00:00.000,"17982,39"
135,200,EXT_L2,Extrema,,,Amstel_Lata,16 Oz Tall,2026-12-05 06:00:00.000,"31448,39"
136,200,EXT_L2,Extrema,,,Guarana_Antarctica_Zero,16 Oz Tall,2026-12-05 06:00:00.000,"1104,59"
137,200,EXT_L2,Extrema,,,Fanta_Laranja,16 Oz Tall,2026-12-05 06:00:00.000,"25437,59"
138,200,EXT_L2,Extrema,,,Coca_Cola,16 Oz Tall,2026-12-06 06:00:00.000,"65478,21"
139,200,EXT_L2,Extrema,,,Amstel_Lata,12 Oz Standard,2026-12-07 06:00:00.000,"43973,96"
140,200,EXT_L2,Extrema,,,Brahma_Lata,16 Oz Tall,2026-12-07 06:00:00.000,"14709,86"
141,200,EXT_L2,Extrema,,,Budweiser_Lata,9.1 Oz Sleek,2026-12-08 06:00:00.000,"19109,01"
142,200,EXT_L2,Extrema,,,Del_Valle_Uva,16 Oz Tall,2026-12-08 06:00:00.000,"22325,94"
143,200,EXT_L2,Extrema,,,Itaipava_Lata,16 Oz Tall,2026-12-08 06:00:00.000,"18481,83"
144,200,EXT_L2,Extrema,,,Del_Valle_Pessego,16 Oz Tall,2026-12-09 06:00:00.000,"24118,75"
145,200,EXT_L2,Extrema,,,Antarctica_Lata,16 Oz Tall,2026-12-09 06:00:00.000,"12595,74"
146,200,EXT_L2,Extrema,,,Sukita_Laranja,16 Oz Tall,2026-12-09 06:00:00.000,"26859,81"
147,200,EXT_L2,Extrema,,,Antarctica_Lata,9.1 Oz Sleek,2026-12-10 06:00:00.000,"34174,57"
148,200,EXT_L2,Extrema,,,Fanta_Uva,16 Oz Tall,2026-12-10 06:00:00.000,"7461,7"
149,200,EXT_L2,Extrema,,,Heineken_Lata,12 Oz Standard,2026-12-10 06:00:00.000,"16655,26"
150,200,EXT_L2,Extrema,,,Itubaina,16 Oz Tall,2026-12-11 06:00:00.000,"4013,25"
151,200,EXT_L2,Extrema,,,Stella_Artois_Pure_Gold,16 Oz Tall,2026-12-11 06:00:00.000,"56223,99"
152,200,EXT_L2,Extrema,,,Del_Valle_Pessego,16 Oz Tall,2026-12-12 06:00:00.000,"17200,35"
153,200,EXT_L2,Extrema,,,Heineken_Lata,16 Oz Tall,2026-12-12 06:00:00.000,"22050,72"
154,200,EXT_L2,Extrema,,,Budweiser_Lata,16 Oz Tall,2026-12-12 06:00:00.000,"21242,51"
155,200,EXT_L2,Extrema,,,Pepsi,16 Oz Tall,2026-12-13 06:00:00.000,"50982,82"
156,200,EXT_L2,Extrema,,,Amstel_Lata,16 Oz Tall,2026-12-14 06:00:00.000,"54171,87"
157,200,EXT_L2,Extrema,,,Coca_Cola,16 Oz Tall,2026-12-15 06:00:00.000,"15043,37"
158,200,EXT_L2,Extrema,,,Brahma_Lata,9.1 Oz Sleek,2026-12-15 06:00:00.000,"29675,82"
159,200,EXT_L2,Extrema,,,Maguary_Caju,16 Oz Tall,2026-12-15 06:00:00.000,"14439,84"
160,200,EXT_L3,Extrema,,,Guarana_Antarctica,16 Oz Tall,2026-12-01 06:00:00.000,"34341,82"
161,200,EXT_L3,Extrema,,,Spaten_Lata,16 Oz Tall,2026-12-01 06:00:00.000,"20786,52"
162,200,EXT_L3,Extrema,,,Guarana_Antarctica_Zero,16 Oz Tall,2026-12-02 06:00:00.000,"7482,07"
163,200,EXT_L3,Extrema,,,Budweiser_Lata,16 Oz Tall,2026-12-02 06:00:00.000,"57832,83"
164,200,EXT_L3,Extrema,,,Sukita_Laranja,16 Oz Tall,2026-12-03 06:00:00.000,"13942,75"
165,200,EXT_L3,Extrema,,,Budweiser_Lata,16 Oz Tall,2026-12-03 06:00:00.000,"47508,84"
166,200,EXT_L3,Extrema,,,Antarctica_Lata,16 Oz Tall,2026-12-04 06:00:00.000,"56173,81"
167,200,EXT_L3,Extrema,,,Brahma_Lata,16 Oz Tall,2026-12-05 06:00:00.000,"5459,71"
168,200,EXT_L3,Extrema,,,Stella_Artois_Pure_Gold,16 Oz Tall,2026-12-05 06:00:00.000,"24156,13"
169,200,EXT_L3,Extrema,,,Sukita_Laranja,16 Oz Tall,2026-12-05 06:00:00.000,"28673,35"
170,200,EXT_L3,Extrema,,,Itubaina,9.1 Oz Sleek,2026-12-06 06:00:00.000,"52851,21"
171,200,EXT_L3,Extrema,,,Eisenbahn_Pilsen,16 Oz Tall,2026-12-07 06:00:00.000,"42647,92"
172,200,EXT_L3,Extrema,,,Antarctica_Lata,16 Oz Tall,2026-12-07 06:00:00.000,"20744,11"
173,200,EXT_L3,Extrema,,,Stella_Artois_Pure_Gold,16 Oz Tall,2026-12-08 06:00:00.000,"44254,02"
174,200,EXT_L3,Extrema,,,Del_Valle_Uva,16 Oz Tall,2026-12-08 06:00:00.000,"14721,29"
175,200,EXT_L3,Extrema,,,Brahma_Lata,16 Oz Tall,2026-12-09 06:00:00.000,"29381,37"
176,200,EXT_L3,Extrema,,,Amstel_Lata,16 Oz Tall,2026-12-09 06:00:00.000,"28748,55"
177,200,EXT_L3,Extrema,,,Guarana_Antarctica_Zero,16 Oz Tall,2026-12-10 06:00:00.000,"33332,98"
178,200,EXT_L3,Extrema,,,Pepsi_Black,16 Oz Tall,2026-12-10 06:00:00.000,"10338,96"
179,200,EXT_L3,Extrema,,,Amstel_Lata,16 Oz Tall,2026-12-10 06:00:00.000,"16621,68"
180,200,EXT_L3,Extrema,,,Fanta_Laranja,16 Oz Tall,2026-12-11 06:00:00.000,"63372,19"
181,200,EXT_L3,Extrema,,,Sprite,16 Oz Tall,2026-12-11 06:00:00.000,"2300,86"
182,200,EXT_L3,Extrema,,,Spaten_Lata,16 Oz Tall,2026-12-12 06:00:00.000,"57908,43"
183,200,EXT_L3,Extrema,,,Budweiser_Lata,16 Oz Tall,2026-12-13 06:00:00.000,"15698,87"
184,200,EXT_L3,Extrema,,,Spaten_Lata,16 Oz Tall,2026-12-13 06:00:00.000,"3967,45"
185,200,EXT_L3,Extrema,,,Sukita_Laranja,16 Oz Tall,2026-12-13 06:00:00.000,"30974,8"
186,200,EXT_L3,Extrema,,,Del_Valle_Uva,16 Oz Tall,2026-12-14 06:00:00.000,"24594,52"
187,200,EXT_L3,Extrema,,,Itaipava_Lata,16 Oz Tall,2026-12-14 06:00:00.000,"20499,68"
188,200,EXT_L3,Extrema,,,Amstel_Lata,9.1 Oz Sleek,2026-12-14 06:00:00.000,"7538,05"
189,200,EXT_L3,Extrema,,,Fanta_Laranja,16 Oz Tall,2026-12-15 06:00:00.000,"18308,08"
190,200,EXT_L3,Extrema,,,Itubaina,16 Oz Tall,2026-12-15 06:00:00.000,"20891,46"
191,200,EXT_L3,Extrema,,,Pepsi_Black,16 Oz Tall,2026-12-15 06:00:00.000,"21257,72"
192,200,TRE_L1,Tres Rios,,,Itaipava_Lata,9.1 Oz Sleek,2026-12-01 06:00:00.000,"54609,06"
193,200,TRE_L1,Tres Rios,,,Itubaina,9.1 Oz Sleek,2026-12-02 06:00:00.000,"6316,02"
194,200,TRE_L1,Tres Rios,,,Maguary_Maracuja,9.1 Oz Sleek,2026-12-02 06:00:00.000,"49808,89"
195,200,TRE_L1,Tres Rios,,,Guarana_Antarctica_Zero,9.1 Oz Sleek,2026-12-03 06:00:00.000,"24869,93"
196,200,TRE_L1,Tres Rios,,,Budweiser_Lata,16 Oz Tall,2026-12-03 06:00:00.000,"11657,0"
197,200,TRE_L1,Tres Rios,,,Fanta_Uva,9.1 Oz Sleek,2026-12-03 06:00:00.000,"18511,21"
198,200,TRE_L1,Tres Rios,,,Guarana_Antarctica,16 Oz Tall,2026-12-04 06:00:00.000,"62971,79"
199,200,TRE_L1,Tres Rios,,,Fanta_Uva,9.1 Oz Sleek,2026-12-05 06:00:00.000,"29141,68"
200,200,TRE_L1,Tres Rios,,,Heineken_Lata,16 Oz Tall,2026-12-05 06:00:00.000,"12275,24"
201,200,TRE_L1,Tres Rios,,,Antarctica_Lata,9.1 Oz Sleek,2026-12-05 06:00:00.000,"13744,41"
202,200,TRE_L1,Tres Rios,,,Heineken_Lata,9.1 Oz Sleek,2026-12-06 06:00:00.000,"56425,15"
203,200,TRE_L1,Tres Rios,,,Itaipava_Lata,9.1 Oz Sleek,2026-12-07 06:00:00.000,"2535,08"
204,200,TRE_L1,Tres Rios,,,Skol_Lata,9.1 Oz Sleek,2026-12-07 06:00:00.000,"23604,18"
205,200,TRE_L1,Tres Rios,,,Heineken_Lata,9.1 Oz Sleek,2026-12-07 06:00:00.000,"32587,22"
206,200,TRE_L1,Tres Rios,,,Del_Valle_Pessego,9.1 Oz Sleek,2026-12-08 06:00:00.000,"33833,38"
207,200,TRE_L1,Tres Rios,,,Guarana_Antarctica,9.1 Oz Sleek,2026-12-08 06:00:00.000,"24913,48"
208,200,TRE_L1,Tres Rios,,,Coca_Cola_Zero,9.1 Oz Sleek,2026-12-08 06:00:00.000,"6031,4"
209,200,TRE_L1,Tres Rios,,,Pepsi_Black,9.1 Oz Sleek,2026-12-09 06:00:00.000,"1302,92"
210,200,TRE_L1,Tres Rios,,,Skol_Lata,9.1 Oz Sleek,2026-12-09 06:00:00.000,"33712,54"
211,200,TRE_L1,Tres Rios,,,Pepsi,9.1 Oz Sleek,2026-12-09 06:00:00.000,"21186,49"
212,200,TRE_L1,Tres Rios,,,Brahma_Lata,9.1 Oz Sleek,2026-12-10 06:00:00.000,"57928,08"
213,200,TRE_L1,Tres Rios,,,Skol_Lata,9.1 Oz Sleek,2026-12-11 06:00:00.000,"55698,79"
214,200,TRE_L1,Tres Rios,,,Amstel_Lata,12 Oz Standard,2026-12-12 06:00:00.000,"18506,04"
215,200,TRE_L1,Tres Rios,,,H2OH_Limao,9.1 Oz Sleek,2026-12-12 06:00:00.000,"19583,27"
216,200,TRE_L1,Tres Rios,,,Maguary_Maracuja,9.1 Oz Sleek,2026-12-12 06:00:00.000,"16280,79"
217,200,TRE_L1,Tres Rios,,,Amstel_Lata,9.1 Oz Sleek,2026-12-13 06:00:00.000,"61892,37"
218,200,TRE_L1,Tres Rios,,,Antarctica_Lata,16 Oz Tall,2026-12-14 06:00:00.000,"8526,06"
219,200,TRE_L1,Tres Rios,,,Amstel_Lata,9.1 Oz Sleek,2026-12-14 06:00:00.000,"21437,24"
220,200,TRE_L1,Tres Rios,,,Sprite_Zero,9.1 Oz Sleek,2026-12-14 06:00:00.000,"23989,16"
221,200,TRE_L1,Tres Rios,,,Fanta_Laranja,9.1 Oz Sleek,2026-12-15 06:00:00.000,"56695,0"
222,200,TRE_L2,Tres Rios,,,Fanta_Laranja,9.1 Oz Sleek,2026-12-01 06:00:00.000,"62022,31"
223,200,TRE_L2,Tres Rios,,,Sukita_Laranja,9.1 Oz Sleek,2026-12-02 06:00:00.000,"59057,62"
224,200,TRE_L2,Tres Rios,,,Maguary_Maracuja,12 Oz Standard,2026-12-03 06:00:00.000,"26166,16"
225,200,TRE_L2,Tres Rios,,,Schweppes_Citrus,9.1 Oz Sleek,2026-12-03 06:00:00.000,"29979,28"
226,200,TRE_L2,Tres Rios,,,Brahma_Lata,9.1 Oz Sleek,2026-12-04 06:00:00.000,"28864,99"
227,200,TRE_L2,Tres Rios,,,Coca_Cola,9.1 Oz Sleek,2026-12-04 06:00:00.000,"5400,97"
228,200,TRE_L2,Tres Rios,,,Fanta_Laranja,9.1 Oz Sleek,2026-12-04 06:00:00.000,"21798,46"
229,200,TRE_L2,Tres Rios,,,Itubaina,16 Oz Tall,2026-12-05 06:00:00.000,"54326,19"
230,200,TRE_L2,Tres Rios,,,Pepsi_Black,9.1 Oz Sleek,2026-12-06 06:00:00.000,"57935,1"
231,200,TRE_L2,Tres Rios,,,Del_Valle_Laranja,9.1 Oz Sleek,2026-12-07 06:00:00.000,"55894,03"
232,200,TRE_L2,Tres Rios,,,Coca_Cola,9.1 Oz Sleek,2026-12-08 06:00:00.000,"2707,62"
233,200,TRE_L2,Tres Rios,,,Antarctica_Lata,9.1 Oz Sleek,2026-12-08 06:00:00.000,"60326,53"
234,200,TRE_L2,Tres Rios,,,Del_Valle_Uva,9.1 Oz Sleek,2026-12-09 06:00:00.000,"8639,92"
235,200,TRE_L2,Tres Rios,,,Amstel_Lata,16 Oz Tall,2026-12-09 06:00:00.000,"49605,4"
236,200,TRE_L2,Tres Rios,,,Maguary_Maracuja,9.1 Oz Sleek,2026-12-10 06:00:00.000,"29367,59"
237,200,TRE_L2,Tres Rios,,,Kuat,9.1 Oz Sleek,2026-12-10 06:00:00.000,"28579,7"
238,200,TRE_L2,Tres Rios,,,Maguary_Caju,9.1 Oz Sleek,2026-12-11 06:00:00.000,"59394,88"
239,200,TRE_L2,Tres Rios,,,Itubaina,9.1 Oz Sleek,2026-12-12 06:00:00.000,"16136,24"
240,200,TRE_L2,Tres Rios,,,Antarctica_Lata,9.1 Oz Sleek,2026-12-12 06:00:00.000,"45933,42"
241,200,TRE_L2,Tres Rios,,,Sprite,9.1 Oz Sleek,2026-12-13 06:00:00.000,"52730,33"
242,200,TRE_L2,Tres Rios,,,Spaten_Lata,9.1 Oz Sleek,2026-12-14 06:00:00.000,"714,85"
243,200,TRE_L2,Tres Rios,,,Itaipava_Lata,9.1 Oz Sleek,2026-12-14 06:00:00.000,"56355,46"
244,200,TRE_L2,Tres Rios,,,Coca_Cola_Zero,9.1 Oz Sleek,2026-12-14 06:00:00.000,"5016,77"
245,200,TRE_L2,Tres Rios,,,Coca_Cola,9.1 Oz Sleek,2026-12-15 06:00:00.000,"50351,89"
246,200,TRE_L3,Tres Rios,,,Spaten_Lata,9.1 Oz Sleek,2026-12-01 06:00:00.000,"21789,47"
247,200,TRE_L3,Tres Rios,,,Kuat,9.1 Oz Sleek,2026-12-01 06:00:00.000,"33112,49"
248,200,TRE_L3,Tres Rios,,,Del_Valle_Laranja,9.1 Oz Sleek,2026-12-01 06:00:00.000,"1385,2"
249,200,TRE_L3,Tres Rios,,,Antarctica_Lata,9.1 Oz Sleek,2026-12-02 06:00:00.000,"17871,07"
250,200,TRE_L3,Tres Rios,,,Skol_Lata,9.1 Oz Sleek,2026-12-02 06:00:00.000,"36761,55"
251,200,TRE_L3,Tres Rios,,,Maguary_Caju,9.1 Oz Sleek,2026-12-03 06:00:00.000,"56833,45"
252,200,TRE_L3,Tres Rios,,,H2OH_Limao,9.1 Oz Sleek,2026-12-04 06:00:00.000,"53539,44"
253,200,TRE_L3,Tres Rios,,,Coca_Cola,9.1 Oz Sleek,2026-12-05 06:00:00.000,"57985,69"
254,200,TRE_L3,Tres Rios,,,Amstel_Lata,9.1 Oz Sleek,2026-12-06 06:00:00.000,"59260,77"
255,200,TRE_L3,Tres Rios,,,Budweiser_Lata,9.1 Oz Sleek,2026-12-07 06:00:00.000,"22620,62"
256,200,TRE_L3,Tres Rios,,,Pepsi_Black,9.1 Oz Sleek,2026-12-07 06:00:00.000,"34171,08"
257,200,TRE_L3,Tres Rios,,,Stella_Artois_Pure_Gold,9.1 Oz Sleek,2026-12-07 06:00:00.000,"2972,87"
258,200,TRE_L3,Tres Rios,,,Sprite_Zero,9.1 Oz Sleek,2026-12-08 06:00:00.000,"22058,92"
259,200,TRE_L3,Tres Rios,,,Sprite,9.1 Oz Sleek,2026-12-08 06:00:00.000,"5152,96"
260,200,TRE_L3,Tres Rios,,,Sukita_Laranja,12 Oz Standard,2026-12-08 06:00:00.000,"22178,22"
261,200,TRE_L3,Tres Rios,,,Sprite_Zero,9.1 Oz Sleek,2026-12-09 06:00:00.000,"10166,12"
262,200,TRE_L3,Tres Rios,,,Budweiser_Lata,9.1 Oz Sleek,2026-12-09 06:00:00.000,"8584,73"
263,200,TRE_L3,Tres Rios,,,H2OH_Limao,9.1 Oz Sleek,2026-12-09 06:00:00.000,"39068,69"
264,200,TRE_L3,Tres Rios,,,Skol_Lata,9.1 Oz Sleek,2026-12-10 06:00:00.000,"58815,75"
265,200,TRE_L3,Tres Rios,,,Antarctica_Lata,9.1 Oz Sleek,2026-12-11 06:00:00.000,"61020,38"
266,200,TRE_L3,Tres Rios,,,Del_Valle_Pessego,9.1 Oz Sleek,2026-12-12 06:00:00.000,"26311,04"
267,200,TRE_L3,Tres Rios,,,Itaipava_Lata,9.1 Oz Sleek,2026-12-12 06:00:00.000,"35969,81"
268,200,TRE_L3,Tres Rios,,,Fanta_Laranja,12 Oz Standard,2026-12-13 06:00:00.000,"26085,76"
269,200,TRE_L3,Tres Rios,,,Pepsi_Black,16 Oz Tall,2026-12-13 06:00:00.000,"25090,51"
270,200,TRE_L3,Tres Rios,,,Del_Valle_Pessego,9.1 Oz Sleek,2026-12-14 06:00:00.000,"56660,35"
271,200,TRE_L3,Tres Rios,,,Sprite_Zero,9.1 Oz Sleek,2026-12-15 06:00:00.000,"14744,33"
272,200,TRE_L3,Tres Rios,,,Itubaina,9.1 Oz Sleek,2026-12-15 06:00:00.000,"30688,62"
273,200,TRE_L3,Tres Rios,,,Sukita_Laranja,9.1 Oz Sleek,2026-12-15 06:00:00.000,"9062,21"
274,200,ALA_L1,Alagoinhas,,,Amstel_Lata,12 Oz Standard,2026-12-01 06:00:00.000,"14047,42"
275,200,ALA_L1,Alagoinhas,,,Maguary_Caju,12 Oz Standard,2026-12-01 06:00:00.000,"41672,21"
276,200,ALA_L1,Alagoinhas,,,Maguary_Maracuja,12 Oz Standard,2026-12-02 06:00:00.000,"29688,5"
277,200,ALA_L1,Alagoinhas,,,Sprite,12 Oz Standard,2026-12-02 06:00:00.000,"26481,97"
278,200,ALA_L1,Alagoinhas,,,Sprite_Zero,12 Oz Standard,2026-12-03 06:00:00.000,"49472,98"
279,200,ALA_L1,Alagoinhas,,,Del_Valle_Uva,12 Oz Standard,2026-12-04 06:00:00.000,"52381,81"
280,200,ALA_L1,Alagoinhas,,,Maguary_Maracuja,12 Oz Standard,2026-12-04 06:00:00.000,"6539,85"
281,200,ALA_L1,Alagoinhas,,,Amstel_Lata,12 Oz Standard,2026-12-05 06:00:00.000,"23262,6"
282,200,ALA_L1,Alagoinhas,,,H2OH_Limao,12 Oz Standard,2026-12-05 06:00:00.000,"32719,63"
283,200,ALA_L1,Alagoinhas,,,Antarctica_Lata,12 Oz Standard,2026-12-06 06:00:00.000,"12206,31"
284,200,ALA_L1,Alagoinhas,,,Spaten_Lata,12 Oz Standard,2026-12-06 06:00:00.000,"22827,93"
285,200,ALA_L1,Alagoinhas,,,Coca_Cola,12 Oz Standard,2026-12-06 06:00:00.000,"24228,85"
286,200,ALA_L1,Alagoinhas,,,Itubaina,16 Oz Tall,2026-12-07 06:00:00.000,"40734,0"
287,200,ALA_L1,Alagoinhas,,,Brahma_Lata,12 Oz Standard,2026-12-07 06:00:00.000,"14174,4"
288,200,ALA_L1,Alagoinhas,,,Fanta_Uva,12 Oz Standard,2026-12-08 06:00:00.000,"57352,76"
289,200,ALA_L1,Alagoinhas,,,H2OH_Limao,12 Oz Standard,2026-12-09 06:00:00.000,"10576,53"
290,200,ALA_L1,Alagoinhas,,,Sprite_Zero,12 Oz Standard,2026-12-09 06:00:00.000,"22375,0"
291,200,ALA_L1,Alagoinhas,,,Pepsi,12 Oz Standard,2026-12-09 06:00:00.000,"31936,12"
292,200,ALA_L1,Alagoinhas,,,Pepsi,9.1 Oz Sleek,2026-12-10 06:00:00.000,"19565,38"
293,200,ALA_L1,Alagoinhas,,,Antarctica_Lata,12 Oz Standard,2026-12-10 06:00:00.000,"18263,81"
294,200,ALA_L1,Alagoinhas,,,Sprite,12 Oz Standard,2026-12-10 06:00:00.000,"19543,63"
295,200,ALA_L1,Alagoinhas,,,Antarctica_Lata,12 Oz Standard,2026-12-11 06:00:00.000,"52621,06"
296,200,ALA_L1,Alagoinhas,,,Del_Valle_Laranja,12 Oz Standard,2026-12-12 06:00:00.000,"21266,62"
297,200,ALA_L1,Alagoinhas,,,Schweppes_Citrus,12 Oz Standard,2026-12-12 06:00:00.000,"36459,31"
298,200,ALA_L1,Alagoinhas,,,Skol_Lata,12 Oz Standard,2026-12-13 06:00:00.000,"53442,8"
299,200,ALA_L1,Alagoinhas,,,Spaten_Lata,16 Oz Tall,2026-12-14 06:00:00.000,"14054,7"
300,200,ALA_L1,Alagoinhas,,,Brahma_Lata,12 Oz Standard,2026-12-14 06:00:00.000,"18093,49"
301,200,ALA_L1,Alagoinhas,,,Del_Valle_Uva,12 Oz Standard,2026-12-14 06:00:00.000,"28931,72"
302,200,ALA_L1,Alagoinhas,,,H2OH_Limao,12 Oz Standard,2026-12-15 06:00:00.000,"57856,64"
303,200,ALA_L2,Alagoinhas,,,Stella_Artois_Pure_Gold,12 Oz Standard,2026-12-01 06:00:00.000,"12337,32"
304,200,ALA_L2,Alagoinhas,,,Sukita_Laranja,12 Oz Standard,2026-12-01 06:00:00.000,"38372,0"
305,200,ALA_L2,Alagoinhas,,,Maguary_Caju,12 Oz Standard,2026-12-01 06:00:00.000,"6621,15"
306,200,ALA_L2,Alagoinhas,,,Itaipava_Lata,12 Oz Standard,2026-12-02 06:00:00.000,"31007,7"
307,200,ALA_L2,Alagoinhas,,,Stella_Artois_Pure_Gold,12 Oz Standard,2026-12-02 06:00:00.000,"9489,35"
308,200,ALA_L2,Alagoinhas,,,Fanta_Laranja,12 Oz Standard,2026-12-02 06:00:00.000,"20844,4"
309,200,ALA_L2,Alagoinhas,,,Schweppes_Citrus,12 Oz Standard,2026-12-03 06:00:00.000,"986,89"
310,200,ALA_L2,Alagoinhas,,,Pepsi_Black,9.1 Oz Sleek,2026-12-03 06:00:00.000,"7819,3"
311,200,ALA_L2,Alagoinhas,,,Spaten_Lata,16 Oz Tall,2026-12-03 06:00:00.000,"44952,87"
312,200,ALA_L2,Alagoinhas,,,Guarana_Antarctica,12 Oz Standard,2026-12-04 06:00:00.000,"56358,21"
313,200,ALA_L2,Alagoinhas,,,Guarana_Antarctica_Zero,12 Oz Standard,2026-12-05 06:00:00.000,"34408,22"
314,200,ALA_L2,Alagoinhas,,,Maguary_Maracuja,12 Oz Standard,2026-12-05 06:00:00.000,"22841,15"
315,200,ALA_L2,Alagoinhas,,,Del_Valle_Uva,9.1 Oz Sleek,2026-12-06 06:00:00.000,"59257,5"
316,200,ALA_L2,Alagoinhas,,,Sukita_Laranja,12 Oz Standard,2026-12-07 06:00:00.000,"56185,95"
317,200,ALA_L2,Alagoinhas,,,Spaten_Lata,12 Oz Standard,2026-12-08 06:00:00.000,"25876,25"
318,200,ALA_L2,Alagoinhas,,,Del_Valle_Pessego,12 Oz Standard,2026-12-08 06:00:00.000,"33834,78"
319,200,ALA_L2,Alagoinhas,,,Sukita_Laranja,12 Oz Standard,2026-12-09 06:00:00.000,"60701,84"
320,200,ALA_L2,Alagoinhas,,,Antarctica_Lata,12 Oz Standard,2026-12-10 06:00:00.000,"2492,02"
321,200,ALA_L2,Alagoinhas,,,Eisenbahn_Pilsen,12 Oz Standard,2026-12-10 06:00:00.000,"25939,12"
322,200,ALA_L2,Alagoinhas,,,H2OH_Limao,12 Oz Standard,2026-12-10 06:00:00.000,"22481,71"
323,200,ALA_L2,Alagoinhas,,,Del_Valle_Pessego,12 Oz Standard,2026-12-11 06:00:00.000,"53770,34"
324,200,ALA_L2,Alagoinhas,,,Itaipava_Lata,12 Oz Standard,2026-12-12 06:00:00.000,"32794,23"
325,200,ALA_L2,Alagoinhas,,,Spaten_Lata,12 Oz Standard,2026-12-12 06:00:00.000,"20629,3"
326,200,ALA_L2,Alagoinhas,,,Sprite_Zero,12 Oz Standard,2026-12-13 06:00:00.000,"62781,81"
327,200,ALA_L2,Alagoinhas,,,H2OH_Limao,12 Oz Standard,2026-12-14 06:00:00.000,"24023,13"
328,200,ALA_L2,Alagoinhas,,,Amstel_Lata,12 Oz Standard,2026-12-14 06:00:00.000,"25826,66"
329,200,ALA_L2,Alagoinhas,,,Sukita_Laranja,12 Oz Standard,2026-12-14 06:00:00.000,"7736,65"
330,200,ALA_L2,Alagoinhas,,,Fanta_Uva,12 Oz Standard,2026-12-15 06:00:00.000,"59257,67"
331,200,ALA_L3,Alagoinhas,,,Maguary_Maracuja,12 Oz Standard,2026-12-01 06:00:00.000,"14903,67"
332,200,ALA_L3,Alagoinhas,,,Spaten_Lata,12 Oz Standard,2026-12-01 06:00:00.000,"18572,9"
333,200,ALA_L3,Alagoinhas,,,Guarana_Antarctica_Zero,16 Oz Tall,2026-12-01 06:00:00.000,"27557,68"
334,200,ALA_L3,Alagoinhas,,,Sukita_Laranja,12 Oz Standard,2026-12-02 06:00:00.000,"49212,62"
335,200,ALA_L3,Alagoinhas,,,Coca_Cola,12 Oz Standard,2026-12-02 06:00:00.000,"8676,72"
336,200,ALA_L3,Alagoinhas,,,Schweppes_Citrus,12 Oz Standard,2026-12-03 06:00:00.000,"14748,66"
337,200,ALA_L3,Alagoinhas,,,Itubaina,12 Oz Standard,2026-12-03 06:00:00.000,"29636,99"
338,200,ALA_L3,Alagoinhas,,,Del_Valle_Uva,12 Oz Standard,2026-12-03 06:00:00.000,"16411,74"
339,200,ALA_L3,Alagoinhas,,,Del_Valle_Pessego,12 Oz Standard,2026-12-04 06:00:00.000,"8455,63"
340,200,ALA_L3,Alagoinhas,,,Pepsi_Black,12 Oz Standard,2026-12-04 06:00:00.000,"52012,93"
341,200,ALA_L3,Alagoinhas,,,Fanta_Uva,12 Oz Standard,2026-12-05 06:00:00.000,"58617,9"
342,200,ALA_L3,Alagoinhas,,,Maguary_Caju,12 Oz Standard,2026-12-06 06:00:00.000,"19880,92"
343,200,ALA_L3,Alagoinhas,,,Itubaina,12 Oz Standard,2026-12-06 06:00:00.000,"21162,95"
344,200,ALA_L3,Alagoinhas,,,Stella_Artois_Pure_Gold,12 Oz Standard,2026-12-06 06:00:00.000,"18757,96"
345,200,ALA_L3,Alagoinhas,,,Pepsi,12 Oz Standard,2026-12-07 06:00:00.000,"42230,7"
346,200,ALA_L3,Alagoinhas,,,Maguary_Maracuja,12 Oz Standard,2026-12-07 06:00:00.000,"7565,06"
347,200,ALA_L3,Alagoinhas,,,Del_Valle_Uva,12 Oz Standard,2026-12-08 06:00:00.000,"45342,31"
348,200,ALA_L3,Alagoinhas,,,Guarana_Antarctica_Zero,12 Oz Standard,2026-12-08 06:00:00.000,"11182,89"
349,200,ALA_L3,Alagoinhas,,,Budweiser_Lata,12 Oz Standard,2026-12-09 06:00:00.000,"57293,64"
350,200,ALA_L3,Alagoinhas,,,H2OH_Limao,12 Oz Standard,2026-12-10 06:00:00.000,"28349,85"
351,200,ALA_L3,Alagoinhas,,,Del_Valle_Uva,12 Oz Standard,2026-12-10 06:00:00.000,"6755,65"
352,200,ALA_L3,Alagoinhas,,,Stella_Artois_Pure_Gold,12 Oz Standard,2026-12-10 06:00:00.000,"24217,92"
353,200,ALA_L3,Alagoinhas,,,Del_Valle_Pessego,12 Oz Standard,2026-12-11 06:00:00.000,"52249,55"
354,200,ALA_L3,Alagoinhas,,,Budweiser_Lata,16 Oz Tall,2026-12-12 06:00:00.000,"27822,31"
355,200,ALA_L3,Alagoinhas,,,Guarana_Antarctica,12 Oz Standard,2026-12-12 06:00:00.000,"25389,28"
356,200,ALA_L3,Alagoinhas,,,Itubaina,12 Oz Standard,2026-12-13 06:00:00.000,"50924,32"
357,200,ALA_L3,Alagoinhas,,,Eisenbahn_Pilsen,12 Oz Standard,2026-12-14 06:00:00.000,"13557,92"
358,200,ALA_L3,Alagoinhas,,,Pepsi_Black,16 Oz Tall,2026-12-14 06:00:00.000,"37616,41"
359,200,ALA_L3,Alagoinhas,,,Itaipava_Lata,12 Oz Standard,2026-12-14 06:00:00.000,"2450,59"
360,200,ALA_L3,Alagoinhas,,,H2OH_Limao,12 Oz Standard,2026-12-15 06:00:00.000,"17642,79"
361,200,ALA_L3,Alagoinhas,,,Sprite,12 Oz Standard,2026-12-15 06:00:00.000,"30163,55"
362,200,FRU_L1,Frutal,,,Skol_Lata,16 Oz Tall,2026-12-01 06:00:00.000,"3660,34"
363,200,FRU_L1,Frutal,,,Itaipava_Lata,16 Oz Tall,2026-12-01 06:00:00.000,"9228,75"
364,200,FRU_L1,Frutal,,,Itubaina,16 Oz Tall,2026-12-01 06:00:00.000,"43688,94"
365,200,FRU_L1,Frutal,,,Sukita_Laranja,16 Oz Tall,2026-12-02 06:00:00.000,"5873,9"
366,200,FRU_L1,Frutal,,,Eisenbahn_Pilsen,16 Oz Tall,2026-12-02 06:00:00.000,"29076,23"
367,200,FRU_L1,Frutal,,,Fanta_Laranja,16 Oz Tall,2026-12-02 06:00:00.000,"19212,33"
368,200,FRU_L1,Frutal,,,Del_Valle_Uva,16 Oz Tall,2026-12-03 06:00:00.000,"23503,46"
369,200,FRU_L1,Frutal,,,Sprite,16 Oz Tall,2026-12-03 06:00:00.000,"33210,96"
370,200,FRU_L1,Frutal,,,Itubaina,16 Oz Tall,2026-12-04 06:00:00.000,"9258,59"
371,200,FRU_L1,Frutal,,,Skol_Lata,16 Oz Tall,2026-12-04 06:00:00.000,"51026,18"
372,200,FRU_L1,Frutal,,,Kuat,16 Oz Tall,2026-12-05 06:00:00.000,"66083,9"
373,200,FRU_L1,Frutal,,,Coca_Cola_Zero,16 Oz Tall,2026-12-06 06:00:00.000,"63655,19"
374,200,FRU_L1,Frutal,,,Del_Valle_Laranja,16 Oz Tall,2026-12-07 06:00:00.000,"60756,55"
375,200,FRU_L1,Frutal,,,Eisenbahn_Pilsen,9.1 Oz Sleek,2026-12-08 06:00:00.000,"53847,95"
376,200,FRU_L1,Frutal,,,Guarana_Antarctica,16 Oz Tall,2026-12-09 06:00:00.000,"55923,0"
377,200,FRU_L1,Frutal,,,Kuat,16 Oz Tall,2026-12-10 06:00:00.000,"55762,88"
378,200,FRU_L1,Frutal,,,Coca_Cola_Zero,16 Oz Tall,2026-12-11 06:00:00.000,"38698,2"
379,200,FRU_L1,Frutal,,,Sprite_Zero,16 Oz Tall,2026-12-11 06:00:00.000,"8905,7"
380,200,FRU_L1,Frutal,,,Stella_Artois_Pure_Gold,16 Oz Tall,2026-12-11 06:00:00.000,"10448,56"
381,200,FRU_L1,Frutal,,,Schweppes_Citrus,16 Oz Tall,2026-12-12 06:00:00.000,"29991,68"
382,200,FRU_L1,Frutal,,,Stella_Artois_Pure_Gold,16 Oz Tall,2026-12-12 06:00:00.000,"7507,97"
383,200,FRU_L1,Frutal,,,H2OH_Limao,16 Oz Tall,2026-12-12 06:00:00.000,"18749,13"
384,200,FRU_L1,Frutal,,,Amstel_Lata,16 Oz Tall,2026-12-13 06:00:00.000,"1274,58"
385,200,FRU_L1,Frutal,,,Spaten_Lata,16 Oz Tall,2026-12-13 06:00:00.000,"40749,91"
386,200,FRU_L1,Frutal,,,Sukita_Laranja,16 Oz Tall,2026-12-13 06:00:00.000,"21263,03"
387,200,FRU_L1,Frutal,,,Itaipava_Lata,16 Oz Tall,2026-12-14 06:00:00.000,"15655,56"
388,200,FRU_L1,Frutal,,,Sprite,16 Oz Tall,2026-12-14 06:00:00.000,"16597,1"
389,200,FRU_L1,Frutal,,,Sprite_Zero,16 Oz Tall,2026-12-14 06:00:00.000,"19666,37"
390,200,FRU_L1,Frutal,,,Sukita_Laranja,16 Oz Tall,2026-12-15 06:00:00.000,"44305,03"
391,200,FRU_L1,Frutal,,,Pepsi,16 Oz Tall,2026-12-15 06:00:00.000,"2258,15"
392,200,FRU_L1,Frutal,,,Amstel_Lata,16 Oz Tall,2026-12-15 06:00:00.000,"11007,24"
393,200,FRU_L2,Frutal,,,Itubaina,12 Oz Standard,2026-12-01 06:00:00.000,"26368,57"
394,200,FRU_L2,Frutal,,,Sukita_Laranja,16 Oz Tall,2026-12-01 06:00:00.000,"28531,71"
395,200,FRU_L2,Frutal,,,Itaipava_Lata,16 Oz Tall,2026-12-02 06:00:00.000,"2942,94"
396,200,FRU_L2,Frutal,,,Stella_Artois_Pure_Gold,16 Oz Tall,2026-12-02 06:00:00.000,"17012,39"
397,200,FRU_L2,Frutal,,,Fanta_Laranja,16 Oz Tall,2026-12-02 06:00:00.000,"38231,03"
398,200,FRU_L2,Frutal,,,Coca_Cola,16 Oz Tall,2026-12-03 06:00:00.000,"15047,78"
399,200,FRU_L2,Frutal,,,Sukita_Laranja,16 Oz Tall,2026-12-03 06:00:00.000,"41056,13"
400,200,FRU_L2,Frutal,,,Skol_Lata,16 Oz Tall,2026-12-04 06:00:00.000,"17719,81"
401,200,FRU_L2,Frutal,,,H2OH_Limao,16 Oz Tall,2026-12-04 06:00:00.000,"34531,72"
402,200,FRU_L2,Frutal,,,Spaten_Lata,16 Oz Tall,2026-12-05 06:00:00.000,"1102,41"
403,200,FRU_L2,Frutal,,,Itaipava_Lata,16 Oz Tall,2026-12-05 06:00:00.000,"46865,68"
404,200,FRU_L2,Frutal,,,H2OH_Limao,16 Oz Tall,2026-12-05 06:00:00.000,"13652,12"
405,200,FRU_L2,Frutal,,,Del_Valle_Uva,16 Oz Tall,2026-12-06 06:00:00.000,"58189,34"
406,200,FRU_L2,Frutal,,,Itaipava_Lata,16 Oz Tall,2026-12-07 06:00:00.000,"23319,22"
407,200,FRU_L2,Frutal,,,Spaten_Lata,9.1 Oz Sleek,2026-12-07 06:00:00.000,"11630,29"
408,200,FRU_L2,Frutal,,,Guarana_Antarctica_Zero,16 Oz Tall,2026-12-07 06:00:00.000,"21855,65"
409,200,FRU_L2,Frutal,,,Amstel_Lata,16 Oz Tall,2026-12-08 06:00:00.000,"27658,07"
410,200,FRU_L2,Frutal,,,Heineken_Lata,16 Oz Tall,2026-12-08 06:00:00.000,"21646,41"
411,200,FRU_L2,Frutal,,,Stella_Artois_Pure_Gold,16 Oz Tall,2026-12-09 06:00:00.000,"53665,84"
412,200,FRU_L2,Frutal,,,Maguary_Caju,16 Oz Tall,2026-12-10 06:00:00.000,"11299,12"
413,200,FRU_L2,Frutal,,,Sprite,16 Oz Tall,2026-12-10 06:00:00.000,"16471,39"
414,200,FRU_L2,Frutal,,,Kuat,16 Oz Tall,2026-12-10 06:00:00.000,"23856,3"
415,200,FRU_L2,Frutal,,,Coca_Cola_Zero,16 Oz Tall,2026-12-11 06:00:00.000,"60822,34"
416,200,FRU_L2,Frutal,,,Pepsi_Black,16 Oz Tall,2026-12-12 06:00:00.000,"20908,88"
417,200,FRU_L2,Frutal,,,Brahma_Lata,16 Oz Tall,2026-12-12 06:00:00.000,"11999,31"
418,200,FRU_L2,Frutal,,,Sprite_Zero,16 Oz Tall,2026-12-12 06:00:00.000,"23924,8"
419,200,FRU_L2,Frutal,,,Fanta_Uva,16 Oz Tall,2026-12-13 06:00:00.000,"40196,28"
420,200,FRU_L2,Frutal,,,Sprite,16 Oz Tall,2026-12-13 06:00:00.000,"12955,67"
421,200,FRU_L2,Frutal,,,Spaten_Lata,16 Oz Tall,2026-12-14 06:00:00.000,"54229,9"
422,200,FRU_L2,Frutal,,,Del_Valle_Laranja,16 Oz Tall,2026-12-15 06:00:00.000,"51811,96"
423,200,FRU_L2,Frutal,,,Sprite,16 Oz Tall,2026-12-15 06:00:00.000,"6381,96"
424,200,FRU_L3,Frutal,,,Sprite,16 Oz Tall,2026-12-01 06:00:00.000,"31777,51"
425,200,FRU_L3,Frutal,,,Kuat,16 Oz Tall,2026-12-01 06:00:00.000,"29648,96"
426,200,FRU_L3,Frutal,,,Stella_Artois_Pure_Gold,16 Oz Tall,2026-12-02 06:00:00.000,"19550,07"
427,200,FRU_L3,Frutal,,,Sukita_Laranja,16 Oz Tall,2026-12-02 06:00:00.000,"17233,92"
428,200,FRU_L3,Frutal,,,Amstel_Lata,16 Oz Tall,2026-12-02 06:00:00.000,"20751,09"
429,200,FRU_L3,Frutal,,,Coca_Cola_Zero,16 Oz Tall,2026-12-03 06:00:00.000,"56624,4"
430,200,FRU_L3,Frutal,,,Del_Valle_Pessego,16 Oz Tall,2026-12-04 06:00:00.000,"20848,6"
431,200,FRU_L3,Frutal,,,Del_Valle_Uva,12 Oz Standard,2026-12-04 06:00:00.000,"19646,28"
432,200,FRU_L3,Frutal,,,Brahma_Lata,16 Oz Tall,2026-12-04 06:00:00.000,"15811,15"
433,200,FRU_L3,Frutal,,,Schweppes_Citrus,16 Oz Tall,2026-12-05 06:00:00.000,"63831,99"
434,200,FRU_L3,Frutal,,,Maguary_Caju,16 Oz Tall,2026-12-06 06:00:00.000,"29156,11"
435,200,FRU_L3,Frutal,,,Itubaina,16 Oz Tall,2026-12-06 06:00:00.000,"21266,65"
436,200,FRU_L3,Frutal,,,Fanta_Uva,16 Oz Tall,2026-12-07 06:00:00.000,"22373,01"
437,200,FRU_L3,Frutal,,,Del_Valle_Pessego,16 Oz Tall,2026-12-07 06:00:00.000,"9146,87"
438,200,FRU_L3,Frutal,,,Spaten_Lata,16 Oz Tall,2026-12-07 06:00:00.000,"25249,92"
439,200,FRU_L3,Frutal,,,Stella_Artois_Pure_Gold,16 Oz Tall,2026-12-08 06:00:00.000,"27135,85"
440,200,FRU_L3,Frutal,,,Spaten_Lata,16 Oz Tall,2026-12-08 06:00:00.000,"30436,02"
441,200,FRU_L3,Frutal,,,Pepsi_Black,16 Oz Tall,2026-12-09 06:00:00.000,"35194,79"
442,200,FRU_L3,Frutal,,,Skol_Lata,16 Oz Tall,2026-12-09 06:00:00.000,"20677,28"
443,200,FRU_L3,Frutal,,,Budweiser_Lata,16 Oz Tall,2026-12-09 06:00:00.000,"6105,12"
444,200,FRU_L3,Frutal,,,Antarctica_Lata,16 Oz Tall,2026-12-10 06:00:00.000,"48274,62"
445,200,FRU_L3,Frutal,,,Maguary_Maracuja,16 Oz Tall,2026-12-10 06:00:00.000,"3140,76"
446,200,FRU_L3,Frutal,,,Skol_Lata,16 Oz Tall,2026-12-11 06:00:00.000,"19001,65"
447,200,FRU_L3,Frutal,,,Kuat,16 Oz Tall,2026-12-11 06:00:00.000,"29494,74"
448,200,FRU_L3,Frutal,,,Del_Valle_Laranja,16 Oz Tall,2026-12-11 06:00:00.000,"10988,48"
449,200,FRU_L3,Frutal,,,H2OH_Limao,16 Oz Tall,2026-12-12 06:00:00.000,"1018,98"
450,200,FRU_L3,Frutal,,,Itubaina,16 Oz Tall,2026-12-12 06:00:00.000,"17233,3"
451,200,FRU_L3,Frutal,,,Del_Valle_Laranja,16 Oz Tall,2026-12-12 06:00:00.000,"41821,99"
452,200,FRU_L3,Frutal,,,Sukita_Laranja,16 Oz Tall,2026-12-13 06:00:00.000,"9910,24"
453,200,FRU_L3,Frutal,,,Fanta_Uva,16 Oz Tall,2026-12-13 06:00:00.000,"18104,02"
454,200,FRU_L3,Frutal,,,Del_Valle_Pessego,16 Oz Tall,2026-12-13 06:00:00.000,"26379,85"
455,200,FRU_L3,Frutal,,,Antarctica_Lata,16 Oz Tall,2026-12-14 06:00:00.000,"52891,17"
456,200,FRU_L3,Frutal,,,Guarana_Antarctica,16 Oz Tall,2026-12-15 06:00:00.000,"24971,35"
457,200,FRU_L3,Frutal,,,Antarctica_Lata,16 Oz Tall,2026-12-15 06:00:00.000,"36909,64"
458,200,POU_L1,Pouso Alegre,,,Antarctica_Lata,9.1 Oz Sleek,2026-12-01 06:00:00.000,"62852,8"
459,200,POU_L1,Pouso Alegre,,,Maguary_Maracuja,9.1 Oz Sleek,2026-12-02 06:00:00.000,"45024,92"
460,200,POU_L1,Pouso Alegre,,,Kuat,9.1 Oz Sleek,2026-12-02 06:00:00.000,"9837,89"
461,200,POU_L1,Pouso Alegre,,,Del_Valle_Uva,9.1 Oz Sleek,2026-12-03 06:00:00.000,"29101,56"
462,200,POU_L1,Pouso Alegre,,,Kuat,9.1 Oz Sleek,2026-12-03 06:00:00.000,"9374,93"
463,200,POU_L1,Pouso Alegre,,,Guarana_Antarctica_Zero,9.1 Oz Sleek,2026-12-03 06:00:00.000,"14151,37"
464,200,POU_L1,Pouso Alegre,,,Del_Valle_Laranja,9.1 Oz Sleek,2026-12-04 06:00:00.000,"54435,93"
465,200,POU_L1,Pouso Alegre,,,Kuat,9.1 Oz Sleek,2026-12-05 06:00:00.000,"48147,79"
466,200,POU_L1,Pouso Alegre,,,Sprite_Zero,9.1 Oz Sleek,2026-12-05 06:00:00.000,"13054,33"
467,200,POU_L1,Pouso Alegre,,,Brahma_Lata,9.1 Oz Sleek,2026-12-06 06:00:00.000,"34058,8"
468,200,POU_L1,Pouso Alegre,,,Pepsi_Black,9.1 Oz Sleek,2026-12-06 06:00:00.000,"28792,94"
469,200,POU_L1,Pouso Alegre,,,Maguary_Maracuja,9.1 Oz Sleek,2026-12-07 06:00:00.000,"18389,77"
470,200,POU_L1,Pouso Alegre,,,Itaipava_Lata,9.1 Oz Sleek,2026-12-07 06:00:00.000,"29110,08"
471,200,POU_L1,Pouso Alegre,,,Schweppes_Citrus,9.1 Oz Sleek,2026-12-07 06:00:00.000,"12840,15"
472,200,POU_L1,Pouso Alegre,,,Fanta_Laranja,9.1 Oz Sleek,2026-12-08 06:00:00.000,"58785,67"
473,200,POU_L1,Pouso Alegre,,,Spaten_Lata,9.1 Oz Sleek,2026-12-09 06:00:00.000,"60282,77"
474,200,POU_L1,Pouso Alegre,,,Skol_Lata,9.1 Oz Sleek,2026-12-10 06:00:00.000,"5267,23"
475,200,POU_L1,Pouso Alegre,,,Del_Valle_Pessego,9.1 Oz Sleek,2026-12-10 06:00:00.000,"43384,91"
476,200,POU_L1,Pouso Alegre,,,Coca_Cola,9.1 Oz Sleek,2026-12-10 06:00:00.000,"9869,04"
477,200,POU_L1,Pouso Alegre,,,Coca_Cola,9.1 Oz Sleek,2026-12-11 06:00:00.000,"17180,63"
478,200,POU_L1,Pouso Alegre,,,Pepsi,16 Oz Tall,2026-12-11 06:00:00.000,"20012,54"
479,200,POU_L1,Pouso Alegre,,,Itubaina,9.1 Oz Sleek,2026-12-11 06:00:00.000,"19931,87"
480,200,POU_L1,Pouso Alegre,,,Schweppes_Citrus,9.1 Oz Sleek,2026-12-12 06:00:00.000,"21417,66"
481,200,POU_L1,Pouso Alegre,,,Itaipava_Lata,9.1 Oz Sleek,2026-12-12 06:00:00.000,"38150,69"
482,200,POU_L1,Pouso Alegre,,,Eisenbahn_Pilsen,9.1 Oz Sleek,2026-12-13 06:00:00.000,"20185,58"
483,200,POU_L1,Pouso Alegre,,,Pepsi,9.1 Oz Sleek,2026-12-13 06:00:00.000,"10136,73"
484,200,POU_L1,Pouso Alegre,,,Kuat,9.1 Oz Sleek,2026-12-13 06:00:00.000,"23846,55"
485,200,POU_L1,Pouso Alegre,,,Spaten_Lata,9.1 Oz Sleek,2026-12-14 06:00:00.000,"60320,25"
486,200,POU_L1,Pouso Alegre,,,Pepsi_Black,9.1 Oz Sleek,2026-12-15 06:00:00.000,"54230,36"
487,200,POU_L2,Pouso Alegre,,,Kuat,9.1 Oz Sleek,2026-12-01 06:00:00.000,"59721,6"
488,200,POU_L2,Pouso Alegre,,,Del_Valle_Uva,9.1 Oz Sleek,2026-12-02 06:00:00.000,"22955,78"
489,200,POU_L2,Pouso Alegre,,,Pepsi,9.1 Oz Sleek,2026-12-02 06:00:00.000,"27704,74"
490,200,POU_L2,Pouso Alegre,,,Amstel_Lata,9.1 Oz Sleek,2026-12-03 06:00:00.000,"11708,83"
491,200,POU_L2,Pouso Alegre,,,Sprite_Zero,9.1 Oz Sleek,2026-12-03 06:00:00.000,"14062,12"
492,200,POU_L2,Pouso Alegre,,,Coca_Cola,9.1 Oz Sleek,2026-12-03 06:00:00.000,"33608,22"
493,200,POU_L2,Pouso Alegre,,,Pepsi,9.1 Oz Sleek,2026-12-04 06:00:00.000,"60339,56"
494,200,POU_L2,Pouso Alegre,,,Itaipava_Lata,9.1 Oz Sleek,2026-12-05 06:00:00.000,"51519,12"
495,200,POU_L2,Pouso Alegre,,,Antarctica_Lata,9.1 Oz Sleek,2026-12-05 06:00:00.000,"17425,72"
496,200,POU_L2,Pouso Alegre,,,Del_Valle_Pessego,9.1 Oz Sleek,2026-12-06 06:00:00.000,"28382,48"
497,200,POU_L2,Pouso Alegre,,,Brahma_Lata,9.1 Oz Sleek,2026-12-06 06:00:00.000,"24231,48"
498,200,POU_L2,Pouso Alegre,,,Itubaina,9.1 Oz Sleek,2026-12-07 06:00:00.000,"28956,29"
499,200,POU_L2,Pouso Alegre,,,Brahma_Lata,9.1 Oz Sleek,2026-12-07 06:00:00.000,"14287,56"
500,200,POU_L2,Pouso Alegre,,,Spaten_Lata,9.1 Oz Sleek,2026-12-07 06:00:00.000,"10760,65"
501,200,POU_L2,Pouso Alegre,,,Itubaina,9.1 Oz Sleek,2026-12-08 06:00:00.000,"34646,46"
502,200,POU_L2,Pouso Alegre,,,Coca_Cola,9.1 Oz Sleek,2026-12-08 06:00:00.000,"21010,59"
503,200,POU_L2,Pouso Alegre,,,Coca_Cola_Zero,9.1 Oz Sleek,2026-12-09 06:00:00.000,"62019,25"
504,200,POU_L2,Pouso Alegre,,,Eisenbahn_Pilsen,9.1 Oz Sleek,2026-12-10 06:00:00.000,"39030,25"
505,200,POU_L2,Pouso Alegre,,,Coca_Cola_Zero,9.1 Oz Sleek,2026-12-10 06:00:00.000,"15926,85"
506,200,POU_L2,Pouso Alegre,,,Maguary_Maracuja,9.1 Oz Sleek,2026-12-11 06:00:00.000,"29144,91"
507,200,POU_L2,Pouso Alegre,,,Stella_Artois_Pure_Gold,9.1 Oz Sleek,2026-12-11 06:00:00.000,"13869,3"
508,200,POU_L2,Pouso Alegre,,,Del_Valle_Pessego,9.1 Oz Sleek,2026-12-11 06:00:00.000,"10772,24"
509,200,POU_L2,Pouso Alegre,,,Antarctica_Lata,9.1 Oz Sleek,2026-12-12 06:00:00.000,"27015,33"
510,200,POU_L2,Pouso Alegre,,,Coca_Cola,9.1 Oz Sleek,2026-12-12 06:00:00.000,"19767,72"
511,200,POU_L2,Pouso Alegre,,,Sprite_Zero,9.1 Oz Sleek,2026-12-12 06:00:00.000,"6131,36"
512,200,POU_L2,Pouso Alegre,,,Sprite_Zero,9.1 Oz Sleek,2026-12-13 06:00:00.000,"60090,92"
513,200,POU_L2,Pouso Alegre,,,H2OH_Limao,9.1 Oz Sleek,2026-12-14 06:00:00.000,"67608,7"
514,200,POU_L2,Pouso Alegre,,,Sprite_Zero,12 Oz Standard,2026-12-15 06:00:00.000,"54974,05"
515,200,POU_L3,Pouso Alegre,,,Eisenbahn_Pilsen,9.1 Oz Sleek,2026-12-01 06:00:00.000,"17600,45"
516,200,POU_L3,Pouso Alegre,,,Skol_Lata,9.1 Oz Sleek,2026-12-01 06:00:00.000,"14033,49"
517,200,POU_L3,Pouso Alegre,,,Pepsi,9.1 Oz Sleek,2026-12-01 06:00:00.000,"25283,45"
518,200,POU_L3,Pouso Alegre,,,Budweiser_Lata,9.1 Oz Sleek,2026-12-02 06:00:00.000,"26319,41"
519,200,POU_L3,Pouso Alegre,,,Skol_Lata,9.1 Oz Sleek,2026-12-02 06:00:00.000,"391,15"
520,200,POU_L3,Pouso Alegre,,,Sprite,12 Oz Standard,2026-12-02 06:00:00.000,"26734,18"
521,200,POU_L3,Pouso Alegre,,,Itaipava_Lata,9.1 Oz Sleek,2026-12-03 06:00:00.000,"21004,23"
522,200,POU_L3,Pouso Alegre,,,Del_Valle_Pessego,16 Oz Tall,2026-12-03 06:00:00.000,"26240,09"
523,200,POU_L3,Pouso Alegre,,,Fanta_Uva,12 Oz Standard,2026-12-03 06:00:00.000,"13078,27"
524,200,POU_L3,Pouso Alegre,,,Brahma_Lata,16 Oz Tall,2026-12-04 06:00:00.000,"28815,64"
525,200,POU_L3,Pouso Alegre,,,Spaten_Lata,9.1 Oz Sleek,2026-12-04 06:00:00.000,"2154,32"
526,200,POU_L3,Pouso Alegre,,,Itaipava_Lata,9.1 Oz Sleek,2026-12-04 06:00:00.000,"22140,49"
527,200,POU_L3,Pouso Alegre,,,Sprite,9.1 Oz Sleek,2026-12-05 06:00:00.000,"17052,93"
528,200,POU_L3,Pouso Alegre,,,Del_Valle_Uva,9.1 Oz Sleek,2026-12-05 06:00:00.000,"36590,36"
529,200,POU_L3,Pouso Alegre,,,Sprite_Zero,9.1 Oz Sleek,2026-12-06 06:00:00.000,"33103,83"
530,200,POU_L3,Pouso Alegre,,,Coca_Cola_Zero,9.1 Oz Sleek,2026-12-06 06:00:00.000,"27947,76"
531,200,POU_L3,Pouso Alegre,,,Del_Valle_Laranja,9.1 Oz Sleek,2026-12-07 06:00:00.000,"46984,26"
532,200,POU_L3,Pouso Alegre,,,Pepsi_Black,9.1 Oz Sleek,2026-12-07 06:00:00.000,"3975,88"
533,200,POU_L3,Pouso Alegre,,,H2OH_Limao,9.1 Oz Sleek,2026-12-08 06:00:00.000,"40759,78"
534,200,POU_L3,Pouso Alegre,,,Del_Valle_Uva,9.1 Oz Sleek,2026-12-08 06:00:00.000,"18424,12"
535,200,POU_L3,Pouso Alegre,,,Antarctica_Lata,9.1 Oz Sleek,2026-12-09 06:00:00.000,"59584,7"
536,200,POU_L3,Pouso Alegre,,,Del_Valle_Pessego,9.1 Oz Sleek,2026-12-10 06:00:00.000,"31541,14"
537,200,POU_L3,Pouso Alegre,,,Pepsi_Black,9.1 Oz Sleek,2026-12-10 06:00:00.000,"30207,42"
538,200,POU_L3,Pouso Alegre,,,Budweiser_Lata,9.1 Oz Sleek,2026-12-11 06:00:00.000,"13022,5"
539,200,POU_L3,Pouso Alegre,,,Pepsi_Black,12 Oz Standard,2026-12-11 06:00:00.000,"44514,51"
540,200,POU_L3,Pouso Alegre,,,Pepsi_Black,9.1 Oz Sleek,2026-12-12 06:00:00.000,"17440,1"
541,200,POU_L3,Pouso Alegre,,,Eisenbahn_Pilsen,9.1 Oz Sleek,2026-12-12 06:00:00.000,"23906,86"
542,200,POU_L3,Pouso Alegre,,,Fanta_Laranja,12 Oz Standard,2026-12-12 06:00:00.000,"15269,55"
543,200,POU_L3,Pouso Alegre,,,Del_Valle_Pessego,9.1 Oz Sleek,2026-12-13 06:00:00.000,"11043,97"
544,200,POU_L3,Pouso Alegre,,,Brahma_Lata,12 Oz Standard,2026-12-13 06:00:00.000,"1587,85"
545,200,POU_L3,Pouso Alegre,,,Budweiser_Lata,9.1 Oz Sleek,2026-12-13 06:00:00.000,"54417,52"
546,200,POU_L3,Pouso Alegre,,,Del_Valle_Pessego,9.1 Oz Sleek,2026-12-14 06:00:00.000,"8416,51"
547,200,POU_L3,Pouso Alegre,,,H2OH_Limao,16 Oz Tall,2026-12-14 06:00:00.000,"18254,12"
548,200,POU_L3,Pouso Alegre,,,Spaten_Lata,9.1 Oz Sleek,2026-12-14 06:00:00.000,"26290,83"
549,200,POU_L3,Pouso Alegre,,,Kuat,9.1 Oz Sleek,2026-12-15 06:00:00.000,"18877,07"
550,200,POU_L3,Pouso Alegre,,,Spaten_Lata,9.1 Oz Sleek,2026-12-15 06:00:00.000,"37169,18"
551,200,GAM_L1,Gama,,,Pepsi_Black,12 Oz Standard,2026-12-01 06:00:00.000,"46972,0"
552,200,GAM_L1,Gama,,,Spaten_Lata,12 Oz Standard,2026-12-02 06:00:00.000,"39524,79"
553,200,GAM_L1,Gama,,,Coca_Cola_Zero,12 Oz Standard,2026-12-02 06:00:00.000,"4641,18"
554,200,GAM_L1,Gama,,,Del_Valle_Laranja,12 Oz Standard,2026-12-02 06:00:00.000,"18312,16"
555,200,GAM_L1,Gama,,,Guarana_Antarctica_Zero,12 Oz Standard,2026-12-03 06:00:00.000,"60144,61"
556,200,GAM_L1,Gama,,,H2OH_Limao,12 Oz Standard,2026-12-04 06:00:00.000,"15954,98"
557,200,GAM_L1,Gama,,,Pepsi_Black,12 Oz Standard,2026-12-04 06:00:00.000,"45693,22"
558,200,GAM_L1,Gama,,,Del_Valle_Laranja,12 Oz Standard,2026-12-05 06:00:00.000,"53887,53"
559,200,GAM_L1,Gama,,,Budweiser_Lata,12 Oz Standard,2026-12-06 06:00:00.000,"23125,76"
560,200,GAM_L1,Gama,,,Itubaina,12 Oz Standard,2026-12-06 06:00:00.000,"28244,45"
561,200,GAM_L1,Gama,,,H2OH_Limao,16 Oz Tall,2026-12-07 06:00:00.000,"1170,8"
562,200,GAM_L1,Gama,,,Sprite_Zero,12 Oz Standard,2026-12-07 06:00:00.000,"28356,88"
563,200,GAM_L1,Gama,,,Amstel_Lata,12 Oz Standard,2026-12-07 06:00:00.000,"22023,32"
564,200,GAM_L1,Gama,,,Del_Valle_Pessego,12 Oz Standard,2026-12-08 06:00:00.000,"63106,87"
565,200,GAM_L1,Gama,,,Spaten_Lata,12 Oz Standard,2026-12-09 06:00:00.000,"24042,44"
566,200,GAM_L1,Gama,,,Eisenbahn_Pilsen,12 Oz Standard,2026-12-09 06:00:00.000,"24334,45"
567,200,GAM_L1,Gama,,,Sprite_Zero,12 Oz Standard,2026-12-09 06:00:00.000,"8787,72"
568,200,GAM_L1,Gama,,,Del_Valle_Laranja,12 Oz Standard,2026-12-10 06:00:00.000,"62567,5"
569,200,GAM_L1,Gama,,,Budweiser_Lata,12 Oz Standard,2026-12-11 06:00:00.000,"1450,91"
570,200,GAM_L1,Gama,,,Del_Valle_Uva,12 Oz Standard,2026-12-11 06:00:00.000,"51129,57"
571,200,GAM_L1,Gama,,,Brahma_Lata,12 Oz Standard,2026-12-12 06:00:00.000,"62756,27"
572,200,GAM_L1,Gama,,,Itubaina,12 Oz Standard,2026-12-13 06:00:00.000,"58629,72"
573,200,GAM_L1,Gama,,,Fanta_Laranja,12 Oz Standard,2026-12-14 06:00:00.000,"10792,27"
574,200,GAM_L1,Gama,,,H2OH_Limao,12 Oz Standard,2026-12-14 06:00:00.000,"32944,77"
575,200,GAM_L1,Gama,,,Guarana_Antarctica_Zero,12 Oz Standard,2026-12-14 06:00:00.000,"6305,54"
576,200,GAM_L1,Gama,,,Schweppes_Citrus,12 Oz Standard,2026-12-15 06:00:00.000,"58039,23"
577,200,GAM_L2,Gama,,,Itaipava_Lata,12 Oz Standard,2026-12-01 06:00:00.000,"56196,53"
578,200,GAM_L2,Gama,,,Pepsi_Black,12 Oz Standard,2026-12-02 06:00:00.000,"13588,41"
579,200,GAM_L2,Gama,,,Schweppes_Citrus,16 Oz Tall,2026-12-02 06:00:00.000,"22887,86"
580,200,GAM_L2,Gama,,,Guarana_Antarctica,12 Oz Standard,2026-12-02 06:00:00.000,"18823,65"
581,200,GAM_L2,Gama,,,Coca_Cola,12 Oz Standard,2026-12-03 06:00:00.000,"14332,4"
582,200,GAM_L2,Gama,,,Fanta_Laranja,12 Oz Standard,2026-12-03 06:00:00.000,"44702,48"
583,200,GAM_L2,Gama,,,Eisenbahn_Pilsen,9.1 Oz Sleek,2026-12-04 06:00:00.000,"16469,84"
584,200,GAM_L2,Gama,,,Spaten_Lata,12 Oz Standard,2026-12-04 06:00:00.000,"19982,11"
585,200,GAM_L2,Gama,,,Pepsi,12 Oz Standard,2026-12-04 06:00:00.000,"24018,88"
586,200,GAM_L2,Gama,,,Maguary_Maracuja,12 Oz Standard,2026-12-05 06:00:00.000,"63554,53"
587,200,GAM_L2,Gama,,,Spaten_Lata,12 Oz Standard,2026-12-06 06:00:00.000,"35186,7"
588,200,GAM_L2,Gama,,,Skol_Lata,12 Oz Standard,2026-12-06 06:00:00.000,"21429,15"
589,200,GAM_L2,Gama,,,Itaipava_Lata,12 Oz Standard,2026-12-07 06:00:00.000,"54130,11"
590,200,GAM_L2,Gama,,,Guarana_Antarctica,12 Oz Standard,2026-12-08 06:00:00.000,"15404,06"
591,200,GAM_L2,Gama,,,Amstel_Lata,12 Oz Standard,2026-12-08 06:00:00.000,"43535,69"
592,200,GAM_L2,Gama,,,Del_Valle_Laranja,12 Oz Standard,2026-12-09 06:00:00.000,"37330,76"
593,200,GAM_L2,Gama,,,Itaipava_Lata,12 Oz Standard,2026-12-09 06:00:00.000,"17341,72"
594,200,GAM_L2,Gama,,,Fanta_Uva,12 Oz Standard,2026-12-10 06:00:00.000,"15066,99"
595,200,GAM_L2,Gama,,,Spaten_Lata,12 Oz Standard,2026-12-10 06:00:00.000,"32880,39"
596,200,GAM_L2,Gama,,,Del_Valle_Laranja,12 Oz Standard,2026-12-10 06:00:00.000,"10852,51"
597,200,GAM_L2,Gama,,,Sprite_Zero,9.1 Oz Sleek,2026-12-11 06:00:00.000,"14952,82"
598,200,GAM_L2,Gama,,,Itubaina,12 Oz Standard,2026-12-11 06:00:00.000,"17327,81"
599,200,GAM_L2,Gama,,,Sukita_Laranja,12 Oz Standard,2026-12-11 06:00:00.000,"22589,65"
600,200,GAM_L2,Gama,,,Antarctica_Lata,12 Oz Standard,2026-12-12 06:00:00.000,"57885,13"
601,200,GAM_L2,Gama,,,Eisenbahn_Pilsen,12 Oz Standard,2026-12-13 06:00:00.000,"2903,41"
602,200,GAM_L2,Gama,,,Guarana_Antarctica_Zero,12 Oz Standard,2026-12-13 06:00:00.000,"47980,06"
603,200,GAM_L2,Gama,,,Fanta_Uva,12 Oz Standard,2026-12-13 06:00:00.000,"12650,2"
604,200,GAM_L2,Gama,,,Del_Valle_Laranja,12 Oz Standard,2026-12-14 06:00:00.000,"22591,25"
605,200,GAM_L2,Gama,,,Schweppes_Citrus,12 Oz Standard,2026-12-14 06:00:00.000,"28480,54"
606,200,GAM_L2,Gama,,,Del_Valle_Pessego,12 Oz Standard,2026-12-15 06:00:00.000,"56623,14"
607,200,GAM_L3,Gama,,,Brahma_Lata,12 Oz Standard,2026-12-01 06:00:00.000,"51275,03"
608,200,GAM_L3,Gama,,,Budweiser_Lata,12 Oz Standard,2026-12-01 06:00:00.000,"5807,47"
609,200,GAM_L3,Gama,,,Eisenbahn_Pilsen,12 Oz Standard,2026-12-02 06:00:00.000,"58560,79"
610,200,GAM_L3,Gama,,,Stella_Artois_Pure_Gold,9.1 Oz Sleek,2026-12-03 06:00:00.000,"45320,22"
611,200,GAM_L3,Gama,,,Itaipava_Lata,12 Oz Standard,2026-12-03 06:00:00.000,"17153,02"
612,200,GAM_L3,Gama,,,Eisenbahn_Pilsen,12 Oz Standard,2026-12-04 06:00:00.000,"60593,37"
613,200,GAM_L3,Gama,,,Antarctica_Lata,9.1 Oz Sleek,2026-12-05 06:00:00.000,"3348,07"
614,200,GAM_L3,Gama,,,Amstel_Lata,12 Oz Standard,2026-12-05 06:00:00.000,"23306,76"
615,200,GAM_L3,Gama,,,Fanta_Uva,12 Oz Standard,2026-12-05 06:00:00.000,"27514,23"
616,200,GAM_L3,Gama,,,Guarana_Antarctica_Zero,12 Oz Standard,2026-12-06 06:00:00.000,"33681,68"
617,200,GAM_L3,Gama,,,Skol_Lata,12 Oz Standard,2026-12-06 06:00:00.000,"22032,42"
618,200,GAM_L3,Gama,,,Stella_Artois_Pure_Gold,12 Oz Standard,2026-12-07 06:00:00.000,"19174,56"
619,200,GAM_L3,Gama,,,Pepsi,12 Oz Standard,2026-12-07 06:00:00.000,"41595,65"
620,200,GAM_L3,Gama,,,Spaten_Lata,12 Oz Standard,2026-12-08 06:00:00.000,"49972,95"
621,200,GAM_L3,Gama,,,Antarctica_Lata,12 Oz Standard,2026-12-08 06:00:00.000,"7972,05"
622,200,GAM_L3,Gama,,,Guarana_Antarctica,12 Oz Standard,2026-12-09 06:00:00.000,"5296,04"
623,200,GAM_L3,Gama,,,Coca_Cola_Zero,12 Oz Standard,2026-12-09 06:00:00.000,"19307,53"
624,200,GAM_L3,Gama,,,Schweppes_Citrus,12 Oz Standard,2026-12-09 06:00:00.000,"31561,88"
625,200,GAM_L3,Gama,,,Del_Valle_Uva,12 Oz Standard,2026-12-10 06:00:00.000,"6221,62"
626,200,GAM_L3,Gama,,,Itaipava_Lata,12 Oz Standard,2026-12-10 06:00:00.000,"48305,11"
627,200,GAM_L3,Gama,,,Coca_Cola,12 Oz Standard,2026-12-10 06:00:00.000,"1168,6"
628,200,GAM_L3,Gama,,,Stella_Artois_Pure_Gold,12 Oz Standard,2026-12-11 06:00:00.000,"55689,1"
629,200,GAM_L3,Gama,,,Del_Valle_Pessego,12 Oz Standard,2026-12-12 06:00:00.000,"53311,74"
630,200,GAM_L3,Gama,,,Brahma_Lata,9.1 Oz Sleek,2026-12-13 06:00:00.000,"47463,38"
631,200,GAM_L3,Gama,,,Spaten_Lata,12 Oz Standard,2026-12-13 06:00:00.000,"3225,49"
632,200,GAM_L3,Gama,,,Sprite_Zero,16 Oz Tall,2026-12-13 06:00:00.000,"4808,37"
633,200,GAM_L3,Gama,,,Pepsi,12 Oz Standard,2026-12-14 06:00:00.000,"24250,93"
634,200,GAM_L3,Gama,,,Sprite_Zero,12 Oz Standard,2026-12-14 06:00:00.000,"36958,99"
635,200,GAM_L3,Gama,,,Spaten_Lata,12 Oz Standard,2026-12-15 06:00:00.000,"16422,62"
636,200,GAM_L3,Gama,,,Pepsi,12 Oz Standard,2026-12-15 06:00:00.000,"23241,2"
637,200,GAM_L3,Gama,,,Del_Valle_Laranja,12 Oz Standard,2026-12-15 06:00:00.000,"16974,74"
638,200,VIA_L1,Viamao,,,Stella_Artois_Pure_Gold,16 Oz Tall,2026-12-01 06:00:00.000,"17190,45"
639,200,VIA_L1,Viamao,,,Kuat,16 Oz Tall,2026-12-01 06:00:00.000,"21090,97"
640,200,VIA_L1,Viamao,,,Budweiser_Lata,16 Oz Tall,2026-12-01 06:00:00.000,"19007,7"
641,200,VIA_L1,Viamao,,,Sprite,16 Oz Tall,2026-12-02 06:00:00.000,"17596,1"
642,200,VIA_L1,Viamao,,,Del_Valle_Laranja,12 Oz Standard,2026-12-02 06:00:00.000,"41028,33"
643,200,VIA_L1,Viamao,,,Coca_Cola,16 Oz Tall,2026-12-03 06:00:00.000,"21027,29"
644,200,VIA_L1,Viamao,,,Sprite_Zero,16 Oz Tall,2026-12-03 06:00:00.000,"20103,46"
645,200,VIA_L1,Viamao,,,Eisenbahn_Pilsen,16 Oz Tall,2026-12-03 06:00:00.000,"13518,92"
646,200,VIA_L1,Viamao,,,Fanta_Laranja,16 Oz Tall,2026-12-04 06:00:00.000,"36921,41"
647,200,VIA_L1,Viamao,,,Stella_Artois_Pure_Gold,9.1 Oz Sleek,2026-12-04 06:00:00.000,"27201,7"
648,200,VIA_L1,Viamao,,,Sukita_Laranja,16 Oz Tall,2026-12-05 06:00:00.000,"16344,91"
649,200,VIA_L1,Viamao,,,Coca_Cola_Zero,16 Oz Tall,2026-12-05 06:00:00.000,"11551,22"
650,200,VIA_L1,Viamao,,,Del_Valle_Laranja,16 Oz Tall,2026-12-05 06:00:00.000,"25922,4"
651,200,VIA_L1,Viamao,,,Itubaina,16 Oz Tall,2026-12-06 06:00:00.000,"41638,73"
652,200,VIA_L1,Viamao,,,Stella_Artois_Pure_Gold,16 Oz Tall,2026-12-06 06:00:00.000,"14769,18"
653,200,VIA_L1,Viamao,,,Del_Valle_Uva,16 Oz Tall,2026-12-07 06:00:00.000,"16539,91"
654,200,VIA_L1,Viamao,,,H2OH_Limao,16 Oz Tall,2026-12-07 06:00:00.000,"39656,55"
655,200,VIA_L1,Viamao,,,Kuat,16 Oz Tall,2026-12-08 06:00:00.000,"60474,39"
656,200,VIA_L1,Viamao,,,Skol_Lata,16 Oz Tall,2026-12-09 06:00:00.000,"20340,29"
657,200,VIA_L1,Viamao,,,Sprite,16 Oz Tall,2026-12-09 06:00:00.000,"14361,04"
658,200,VIA_L1,Viamao,,,Sprite_Zero,16 Oz Tall,2026-12-09 06:00:00.000,"23879,27"
659,200,VIA_L1,Viamao,,,Brahma_Lata,16 Oz Tall,2026-12-10 06:00:00.000,"41057,65"
660,200,VIA_L1,Viamao,,,Sprite_Zero,16 Oz Tall,2026-12-10 06:00:00.000,"16871,05"
661,200,VIA_L1,Viamao,,,Itaipava_Lata,16 Oz Tall,2026-12-11 06:00:00.000,"8145,5"
662,200,VIA_L1,Viamao,,,Heineken_Lata,16 Oz Tall,2026-12-11 06:00:00.000,"49683,3"
663,200,VIA_L1,Viamao,,,Itubaina,16 Oz Tall,2026-12-12 06:00:00.000,"54236,62"
664,200,VIA_L1,Viamao,,,Budweiser_Lata,16 Oz Tall,2026-12-13 06:00:00.000,"59174,93"
665,200,VIA_L1,Viamao,,,Coca_Cola_Zero,16 Oz Tall,2026-12-14 06:00:00.000,"7505,98"
666,200,VIA_L1,Viamao,,,Schweppes_Citrus,16 Oz Tall,2026-12-14 06:00:00.000,"9321,95"
667,200,VIA_L1,Viamao,,,Maguary_Maracuja,9.1 Oz Sleek,2026-12-14 06:00:00.000,"39441,06"
668,200,VIA_L1,Viamao,,,Itaipava_Lata,16 Oz Tall,2026-12-15 06:00:00.000,"38186,25"
669,200,VIA_L1,Viamao,,,Pepsi_Black,16 Oz Tall,2026-12-15 06:00:00.000,"16833,43"
670,200,VIA_L2,Viamao,,,Itaipava_Lata,16 Oz Tall,2026-12-01 06:00:00.000,"53167,18"
671,200,VIA_L2,Viamao,,,Del_Valle_Uva,16 Oz Tall,2026-12-02 06:00:00.000,"57479,67"
672,200,VIA_L2,Viamao,,,H2OH_Limao,16 Oz Tall,2026-12-03 06:00:00.000,"5120,25"
673,200,VIA_L2,Viamao,,,Del_Valle_Laranja,16 Oz Tall,2026-12-03 06:00:00.000,"3062,33"
674,200,VIA_L2,Viamao,,,Itaipava_Lata,16 Oz Tall,2026-12-03 06:00:00.000,"54511,0"
675,200,VIA_L2,Viamao,,,Del_Valle_Uva,16 Oz Tall,2026-12-04 06:00:00.000,"48929,87"
676,200,VIA_L2,Viamao,,,Itaipava_Lata,16 Oz Tall,2026-12-04 06:00:00.000,"3816,47"
677,200,VIA_L2,Viamao,,,Eisenbahn_Pilsen,16 Oz Tall,2026-12-05 06:00:00.000,"1750,06"
678,200,VIA_L2,Viamao,,,Kuat,16 Oz Tall,2026-12-05 06:00:00.000,"52519,38"
679,200,VIA_L2,Viamao,,,H2OH_Limao,12 Oz Standard,2026-12-06 06:00:00.000,"47159,19"
680,200,VIA_L2,Viamao,,,Coca_Cola_Zero,16 Oz Tall,2026-12-06 06:00:00.000,"6124,04"
681,200,VIA_L2,Viamao,,,Kuat,16 Oz Tall,2026-12-07 06:00:00.000,"18380,25"
682,200,VIA_L2,Viamao,,,Del_Valle_Pessego,16 Oz Tall,2026-12-07 06:00:00.000,"25603,09"
683,200,VIA_L2,Viamao,,,Brahma_Lata,16 Oz Tall,2026-12-07 06:00:00.000,"11130,19"
684,200,VIA_L2,Viamao,,,Antarctica_Lata,16 Oz Tall,2026-12-08 06:00:00.000,"34051,29"
685,200,VIA_L2,Viamao,,,Schweppes_Citrus,16 Oz Tall,2026-12-08 06:00:00.000,"27981,81"
686,200,VIA_L2,Viamao,,,Spaten_Lata,16 Oz Tall,2026-12-09 06:00:00.000,"60003,28"
687,200,VIA_L2,Viamao,,,Guarana_Antarctica,12 Oz Standard,2026-12-10 06:00:00.000,"20299,9"
688,200,VIA_L2,Viamao,,,Itubaina,16 Oz Tall,2026-12-10 06:00:00.000,"1969,51"
689,200,VIA_L2,Viamao,,,Fanta_Uva,16 Oz Tall,2026-12-10 06:00:00.000,"36262,57"
690,200,VIA_L2,Viamao,,,Del_Valle_Laranja,9.1 Oz Sleek,2026-12-11 06:00:00.000,"20069,99"
691,200,VIA_L2,Viamao,,,Pepsi_Black,16 Oz Tall,2026-12-11 06:00:00.000,"19304,39"
692,200,VIA_L2,Viamao,,,Brahma_Lata,16 Oz Tall,2026-12-11 06:00:00.000,"17633,83"
693,200,VIA_L2,Viamao,,,Antarctica_Lata,16 Oz Tall,2026-12-12 06:00:00.000,"58665,32"
694,200,VIA_L2,Viamao,,,Stella_Artois_Pure_Gold,16 Oz Tall,2026-12-13 06:00:00.000,"57754,18"
695,200,VIA_L2,Viamao,,,Sprite_Zero,16 Oz Tall,2026-12-14 06:00:00.000,"36327,18"
696,200,VIA_L2,Viamao,,,Maguary_Caju,16 Oz Tall,2026-12-14 06:00:00.000,"22816,11"
697,200,VIA_L2,Viamao,,,Maguary_Caju,16 Oz Tall,2026-12-15 06:00:00.000,"29049,51"
698,200,VIA_L2,Viamao,,,Del_Valle_Uva,12 Oz Standard,2026-12-15 06:00:00.000,"2217,54"
699,200,VIA_L2,Viamao,,,Eisenbahn_Pilsen,16 Oz Tall,2026-12-15 06:00:00.000,"22839,68"
700,200,VIA_L3,Viamao,,,Itubaina,16 Oz Tall,2026-12-01 06:00:00.000,"39032,11"
701,200,VIA_L3,Viamao,,,Budweiser_Lata,16 Oz Tall,2026-12-01 06:00:00.000,"14879,18"
702,200,VIA_L3,Viamao,,,Maguary_Caju,12 Oz Standard,2026-12-02 06:00:00.000,"17681,82"
703,200,VIA_L3,Viamao,,,Guarana_Antarctica,16 Oz Tall,2026-12-02 06:00:00.000,"28534,64"
704,200,VIA_L3,Viamao,,,Maguary_Maracuja,16 Oz Tall,2026-12-02 06:00:00.000,"10425,82"
705,200,VIA_L3,Viamao,,,Maguary_Caju,16 Oz Tall,2026-12-03 06:00:00.000,"34316,75"
706,200,VIA_L3,Viamao,,,Kuat,16 Oz Tall,2026-12-03 06:00:00.000,"26713,36"
707,200,VIA_L3,Viamao,,,Schweppes_Citrus,16 Oz Tall,2026-12-04 06:00:00.000,"58930,54"
708,200,VIA_L3,Viamao,,,Budweiser_Lata,9.1 Oz Sleek,2026-12-05 06:00:00.000,"29885,47"
709,200,VIA_L3,Viamao,,,H2OH_Limao,16 Oz Tall,2026-12-05 06:00:00.000,"21661,61"
710,200,VIA_L3,Viamao,,,Sprite_Zero,16 Oz Tall,2026-12-05 06:00:00.000,"1229,19"
711,200,VIA_L3,Viamao,,,Del_Valle_Pessego,16 Oz Tall,2026-12-06 06:00:00.000,"49653,55"
712,200,VIA_L3,Viamao,,,Budweiser_Lata,16 Oz Tall,2026-12-06 06:00:00.000,"4102,2"
713,200,VIA_L3,Viamao,,,Sukita_Laranja,16 Oz Tall,2026-12-06 06:00:00.000,"2846,99"
714,200,VIA_L3,Viamao,,,Maguary_Maracuja,16 Oz Tall,2026-12-07 06:00:00.000,"23003,87"
715,200,VIA_L3,Viamao,,,Sprite,16 Oz Tall,2026-12-07 06:00:00.000,"2108,69"
716,200,VIA_L3,Viamao,,,Spaten_Lata,16 Oz Tall,2026-12-07 06:00:00.000,"36202,65"
717,200,VIA_L3,Viamao,,,Fanta_Uva,16 Oz Tall,2026-12-08 06:00:00.000,"15227,33"
718,200,VIA_L3,Viamao,,,Stella_Artois_Pure_Gold,16 Oz Tall,2026-12-08 06:00:00.000,"5430,02"
719,200,VIA_L3,Viamao,,,Pepsi_Black,16 Oz Tall,2026-12-08 06:00:00.000,"36078,22"
720,200,VIA_L3,Viamao,,,Fanta_Uva,16 Oz Tall,2026-12-09 06:00:00.000,"58477,85"
721,200,VIA_L3,Viamao,,,Spaten_Lata,16 Oz Tall,2026-12-10 06:00:00.000,"29513,34"
722,200,VIA_L3,Viamao,,,Maguary_Caju,16 Oz Tall,2026-12-10 06:00:00.000,"26857,93"
723,200,VIA_L3,Viamao,,,Coca_Cola_Zero,16 Oz Tall,2026-12-11 06:00:00.000,"26098,1"
724,200,VIA_L3,Viamao,,,Itubaina,16 Oz Tall,2026-12-11 06:00:00.000,"6513,24"
725,200,VIA_L3,Viamao,,,Sprite_Zero,16 Oz Tall,2026-12-11 06:00:00.000,"25358,31"
726,200,VIA_L3,Viamao,,,Guarana_Antarctica,16 Oz Tall,2026-12-12 06:00:00.000,"16091,7"
727,200,VIA_L3,Viamao,,,Kuat,16 Oz Tall,2026-12-12 06:00:00.000,"22632,77"
728,200,VIA_L3,Viamao,,,Skol_Lata,16 Oz Tall,2026-12-12 06:00:00.000,"19688,47"
729,200,VIA_L3,Viamao,,,Sprite,16 Oz Tall,2026-12-13 06:00:00.000,"24286,04"
730,200,VIA_L3,Viamao,,,Sukita_Laranja,16 Oz Tall,2026-12-13 06:00:00.000,"34449,0"
731,200,VIA_L3,Viamao,,,Fanta_Uva,16 Oz Tall,2026-12-13 06:00:00.000,"2186,44"
732,200,VIA_L3,Viamao,,,Sprite_Zero,16 Oz Tall,2026-12-14 06:00:00.000,"52867,47"
733,200,VIA_L3,Viamao,,,Pepsi_Black,16 Oz Tall,2026-12-15 06:00:00.000,"13277,34"
734,200,VIA_L3,Viamao,,,Maguary_Maracuja,16 Oz Tall,2026-12-15 06:00:00.000,"42552,25"
735,200,VIA_L3,Viamao,,,Stella_Artois_Pure_Gold,16 Oz Tall,2026-12-15 06:00:00.000,"5487,85"
736,200,ITU_L1,Itupeva,,,Guarana_Antarctica,9.1 Oz Sleek,2026-12-01 06:00:00.000,"59355,77"
737,200,ITU_L1,Itupeva,,,Maguary_Maracuja,9.1 Oz Sleek,2026-12-02 06:00:00.000,"28562,08"
738,200,ITU_L1,Itupeva,,,Sprite,9.1 Oz Sleek,2026-12-02 06:00:00.000,"25660,39"
739,200,ITU_L1,Itupeva,,,Guarana_Antarctica,9.1 Oz Sleek,2026-12-02 06:00:00.000,"2975,6"
740,200,ITU_L1,Itupeva,,,Guarana_Antarctica,9.1 Oz Sleek,2026-12-03 06:00:00.000,"25610,97"
741,200,ITU_L1,Itupeva,,,Budweiser_Lata,16 Oz Tall,2026-12-03 06:00:00.000,"28455,26"
742,200,ITU_L1,Itupeva,,,Pepsi_Black,12 Oz Standard,2026-12-04 06:00:00.000,"38215,38"
743,200,ITU_L1,Itupeva,,,Del_Valle_Uva,9.1 Oz Sleek,2026-12-04 06:00:00.000,"20309,43"
744,200,ITU_L1,Itupeva,,,Sukita_Laranja,9.1 Oz Sleek,2026-12-05 06:00:00.000,"54117,35"
745,200,ITU_L1,Itupeva,,,Stella_Artois_Pure_Gold,9.1 Oz Sleek,2026-12-06 06:00:00.000,"42286,54"
746,200,ITU_L1,Itupeva,,,Del_Valle_Pessego,9.1 Oz Sleek,2026-12-06 06:00:00.000,"16794,62"
747,200,ITU_L1,Itupeva,,,Guarana_Antarctica_Zero,9.1 Oz Sleek,2026-12-07 06:00:00.000,"20094,75"
748,200,ITU_L1,Itupeva,,,Stella_Artois_Pure_Gold,9.1 Oz Sleek,2026-12-07 06:00:00.000,"16709,05"
749,200,ITU_L1,Itupeva,,,Heineken_Lata,9.1 Oz Sleek,2026-12-07 06:00:00.000,"22129,54"
750,200,ITU_L1,Itupeva,,,Sukita_Laranja,9.1 Oz Sleek,2026-12-08 06:00:00.000,"3188,73"
751,200,ITU_L1,Itupeva,,,Brahma_Lata,12 Oz Standard,2026-12-08 06:00:00.000,"54718,9"
752,200,ITU_L1,Itupeva,,,Antarctica_Lata,9.1 Oz Sleek,2026-12-09 06:00:00.000,"52304,96"
753,200,ITU_L1,Itupeva,,,Fanta_Laranja,9.1 Oz Sleek,2026-12-09 06:00:00.000,"9470,61"
754,200,ITU_L1,Itupeva,,,Pepsi,9.1 Oz Sleek,2026-12-10 06:00:00.000,"55859,44"
755,200,ITU_L1,Itupeva,,,Amstel_Lata,9.1 Oz Sleek,2026-12-11 06:00:00.000,"10729,62"
756,200,ITU_L1,Itupeva,,,Kuat,9.1 Oz Sleek,2026-12-11 06:00:00.000,"22086,76"
757,200,ITU_L1,Itupeva,,,Heineken_Lata,9.1 Oz Sleek,2026-12-11 06:00:00.000,"31350,08"
758,200,ITU_L1,Itupeva,,,Sprite,9.1 Oz Sleek,2026-12-12 06:00:00.000,"41621,89"
759,200,ITU_L1,Itupeva,,,Maguary_Caju,9.1 Oz Sleek,2026-12-12 06:00:00.000,"15812,48"
760,200,ITU_L1,Itupeva,,,Coca_Cola_Zero,9.1 Oz Sleek,2026-12-12 06:00:00.000,"6354,41"
761,200,ITU_L1,Itupeva,,,Eisenbahn_Pilsen,9.1 Oz Sleek,2026-12-13 06:00:00.000,"29522,29"
762,200,ITU_L1,Itupeva,,,Fanta_Uva,9.1 Oz Sleek,2026-12-13 06:00:00.000,"28371,4"
763,200,ITU_L1,Itupeva,,,Eisenbahn_Pilsen,16 Oz Tall,2026-12-14 06:00:00.000,"57675,02"
764,200,ITU_L1,Itupeva,,,Maguary_Caju,9.1 Oz Sleek,2026-12-15 06:00:00.000,"18830,61"
765,200,ITU_L1,Itupeva,,,Brahma_Lata,9.1 Oz Sleek,2026-12-15 06:00:00.000,"35802,15"
766,200,ITU_L2,Itupeva,,,Del_Valle_Uva,9.1 Oz Sleek,2026-12-01 06:00:00.000,"56832,71"
767,200,ITU_L2,Itupeva,,,Maguary_Maracuja,9.1 Oz Sleek,2026-12-02 06:00:00.000,"25051,17"
768,200,ITU_L2,Itupeva,,,Del_Valle_Uva,9.1 Oz Sleek,2026-12-02 06:00:00.000,"37309,78"
769,200,ITU_L2,Itupeva,,,Heineken_Lata,9.1 Oz Sleek,2026-12-03 06:00:00.000,"60552,49"
770,200,ITU_L2,Itupeva,,,Pepsi_Black,9.1 Oz Sleek,2026-12-04 06:00:00.000,"31526,45"
771,200,ITU_L2,Itupeva,,,Maguary_Caju,9.1 Oz Sleek,2026-12-04 06:00:00.000,"5969,98"
772,200,ITU_L2,Itupeva,,,Brahma_Lata,9.1 Oz Sleek,2026-12-04 06:00:00.000,"22264,94"
773,200,ITU_L2,Itupeva,,,Itaipava_Lata,9.1 Oz Sleek,2026-12-05 06:00:00.000,"22765,58"
774,200,ITU_L2,Itupeva,,,Pepsi_Black,9.1 Oz Sleek,2026-12-05 06:00:00.000,"20934,81"
775,200,ITU_L2,Itupeva,,,Del_Valle_Uva,9.1 Oz Sleek,2026-12-05 06:00:00.000,"11844,05"
776,200,ITU_L2,Itupeva,,,Itaipava_Lata,9.1 Oz Sleek,2026-12-06 06:00:00.000,"54685,03"
777,200,ITU_L2,Itupeva,,,Maguary_Caju,9.1 Oz Sleek,2026-12-07 06:00:00.000,"57895,79"
778,200,ITU_L2,Itupeva,,,Sprite_Zero,9.1 Oz Sleek,2026-12-07 06:00:00.000,"2697,08"
779,200,ITU_L2,Itupeva,,,Brahma_Lata,9.1 Oz Sleek,2026-12-08 06:00:00.000,"25587,41"
780,200,ITU_L2,Itupeva,,,Pepsi_Black,9.1 Oz Sleek,2026-12-08 06:00:00.000,"27948,91"
781,200,ITU_L2,Itupeva,,,Sukita_Laranja,9.1 Oz Sleek,2026-12-08 06:00:00.000,"6730,04"
782,200,ITU_L2,Itupeva,,,Kuat,9.1 Oz Sleek,2026-12-09 06:00:00.000,"21618,94"
783,200,ITU_L2,Itupeva,,,Sprite,9.1 Oz Sleek,2026-12-09 06:00:00.000,"14486,09"
784,200,ITU_L2,Itupeva,,,Sprite_Zero,9.1 Oz Sleek,2026-12-09 06:00:00.000,"19481,58"
785,200,ITU_L2,Itupeva,,,Coca_Cola,9.1 Oz Sleek,2026-12-10 06:00:00.000,"21996,05"
786,200,ITU_L2,Itupeva,,,H2OH_Limao,9.1 Oz Sleek,2026-12-10 06:00:00.000,"28270,49"
787,200,ITU_L2,Itupeva,,,Coca_Cola_Zero,12 Oz Standard,2026-12-10 06:00:00.000,"9013,59"
788,200,ITU_L2,Itupeva,,,Guarana_Antarctica,9.1 Oz Sleek,2026-12-11 06:00:00.000,"53587,75"
789,200,ITU_L2,Itupeva,,,Guarana_Antarctica,9.1 Oz Sleek,2026-12-12 06:00:00.000,"34671,9"
790,200,ITU_L2,Itupeva,,,Del_Valle_Laranja,9.1 Oz Sleek,2026-12-12 06:00:00.000,"21693,21"
791,200,ITU_L2,Itupeva,,,Maguary_Maracuja,9.1 Oz Sleek,2026-12-13 06:00:00.000,"19264,55"
792,200,ITU_L2,Itupeva,,,Skol_Lata,9.1 Oz Sleek,2026-12-13 06:00:00.000,"33065,5"
793,200,ITU_L2,Itupeva,,,Del_Valle_Laranja,9.1 Oz Sleek,2026-12-13 06:00:00.000,"3250,64"
794,200,ITU_L2,Itupeva,,,Coca_Cola_Zero,9.1 Oz Sleek,2026-12-14 06:00:00.000,"57092,57"
795,200,ITU_L2,Itupeva,,,Del_Valle_Pessego,9.1 Oz Sleek,2026-12-15 06:00:00.000,"28026,51"
796,200,ITU_L2,Itupeva,,,Guarana_Antarctica_Zero,9.1 Oz Sleek,2026-12-15 06:00:00.000,"5751,46"
797,200,ITU_L2,Itupeva,,,Budweiser_Lata,12 Oz Standard,2026-12-15 06:00:00.000,"29104,99"
798,200,ITU_L3,Itupeva,,,Coca_Cola,9.1 Oz Sleek,2026-12-01 06:00:00.000,"58038,77"
799,200,ITU_L3,Itupeva,,,Amstel_Lata,9.1 Oz Sleek,2026-12-02 06:00:00.000,"25722,77"
800,200,ITU_L3,Itupeva,,,Fanta_Uva,9.1 Oz Sleek,2026-12-02 06:00:00.000,"28171,23"
801,200,ITU_L3,Itupeva,,,Sprite_Zero,16 Oz Tall,2026-12-03 06:00:00.000,"44560,45"
802,200,ITU_L3,Itupeva,,,Itaipava_Lata,9.1 Oz Sleek,2026-12-03 06:00:00.000,"15048,2"
803,200,ITU_L3,Itupeva,,,Itaipava_Lata,9.1 Oz Sleek,2026-12-04 06:00:00.000,"65695,62"
804,200,ITU_L3,Itupeva,,,Pepsi_Black,9.1 Oz Sleek,2026-12-05 06:00:00.000,"56282,33"
805,200,ITU_L3,Itupeva,,,Guarana_Antarctica,9.1 Oz Sleek,2026-12-05 06:00:00.000,"1799,72"
806,200,ITU_L3,Itupeva,,,Spaten_Lata,9.1 Oz Sleek,2026-12-06 06:00:00.000,"28523,89"
807,200,ITU_L3,Itupeva,,,Budweiser_Lata,9.1 Oz Sleek,2026-12-06 06:00:00.000,"11523,15"
808,200,ITU_L3,Itupeva,,,Schweppes_Citrus,9.1 Oz Sleek,2026-12-06 06:00:00.000,"20822,15"
809,200,ITU_L3,Itupeva,,,Itaipava_Lata,9.1 Oz Sleek,2026-12-07 06:00:00.000,"28397,38"
810,200,ITU_L3,Itupeva,,,Budweiser_Lata,9.1 Oz Sleek,2026-12-07 06:00:00.000,"24053,56"
811,200,ITU_L3,Itupeva,,,Antarctica_Lata,9.1 Oz Sleek,2026-12-08 06:00:00.000,"60460,05"
812,200,ITU_L3,Itupeva,,,Del_Valle_Laranja,9.1 Oz Sleek,2026-12-09 06:00:00.000,"50049,81"
813,200,ITU_L3,Itupeva,,,Sukita_Laranja,16 Oz Tall,2026-12-09 06:00:00.000,"4276,89"
814,200,ITU_L3,Itupeva,,,Pepsi,9.1 Oz Sleek,2026-12-10 06:00:00.000,"52144,28"
815,200,ITU_L3,Itupeva,,,Maguary_Caju,9.1 Oz Sleek,2026-12-11 06:00:00.000,"59175,19"
816,200,ITU_L3,Itupeva,,,Pepsi,9.1 Oz Sleek,2026-12-12 06:00:00.000,"18050,83"
817,200,ITU_L3,Itupeva,,,Schweppes_Citrus,9.1 Oz Sleek,2026-12-12 06:00:00.000,"3356,47"
818,200,ITU_L3,Itupeva,,,Sukita_Laranja,9.1 Oz Sleek,2026-12-12 06:00:00.000,"32960,57"
819,200,ITU_L3,Itupeva,,,Budweiser_Lata,9.1 Oz Sleek,2026-12-13 06:00:00.000,"29804,95"
820,200,ITU_L3,Itupeva,,,Del_Valle_Laranja,9.1 Oz Sleek,2026-12-13 06:00:00.000,"28513,7"
821,200,ITU_L3,Itupeva,,,Guarana_Antarctica,9.1 Oz Sleek,2026-12-14 06:00:00.000,"52280,72"
822,200,ITU_L3,Itupeva,,,Pepsi_Black,9.1 Oz Sleek,2026-12-15 06:00:00.000,"40256,04"
823,200,ITU_L3,Itupeva,,,Maguary_Maracuja,9.1 Oz Sleek,2026-12-15 06:00:00.000,"17421,69"
824,200,CAB_L1,Cabo de Santo Agostinho,,,Fanta_Uva,12 Oz Standard,2026-12-01 06:00:00.000,"23756,47"
825,200,CAB_L1,Cabo de Santo Agostinho,,,Guarana_Antarctica,12 Oz Standard,2026-12-01 06:00:00.000,"33065,39"
826,200,CAB_L1,Cabo de Santo Agostinho,,,Heineken_Lata,12 Oz Standard,2026-12-02 06:00:00.000,"50968,18"
827,200,CAB_L1,Cabo de Santo Agostinho,,,Pepsi_Black,9.1 Oz Sleek,2026-12-03 06:00:00.000,"62853,39"
828,200,CAB_L1,Cabo de Santo Agostinho,,,Guarana_Antarctica_Zero,12 Oz Standard,2026-12-04 06:00:00.000,"33748,01"
829,200,CAB_L1,Cabo de Santo Agostinho,,,Del_Valle_Pessego,12 Oz Standard,2026-12-04 06:00:00.000,"21942,27"
830,200,CAB_L1,Cabo de Santo Agostinho,,,Fanta_Uva,12 Oz Standard,2026-12-05 06:00:00.000,"46291,96"
831,200,CAB_L1,Cabo de Santo Agostinho,,,Amstel_Lata,12 Oz Standard,2026-12-05 06:00:00.000,"17441,21"
832,200,CAB_L1,Cabo de Santo Agostinho,,,Itaipava_Lata,12 Oz Standard,2026-12-06 06:00:00.000,"18186,15"
833,200,CAB_L1,Cabo de Santo Agostinho,,,Schweppes_Citrus,12 Oz Standard,2026-12-06 06:00:00.000,"38631,91"
834,200,CAB_L1,Cabo de Santo Agostinho,,,Guarana_Antarctica,12 Oz Standard,2026-12-07 06:00:00.000,"5864,14"
835,200,CAB_L1,Cabo de Santo Agostinho,,,Kuat,12 Oz Standard,2026-12-07 06:00:00.000,"23843,25"
836,200,CAB_L1,Cabo de Santo Agostinho,,,Del_Valle_Laranja,12 Oz Standard,2026-12-07 06:00:00.000,"30486,72"
837,200,CAB_L1,Cabo de Santo Agostinho,,,Spaten_Lata,12 Oz Standard,2026-12-08 06:00:00.000,"47315,93"
838,200,CAB_L1,Cabo de Santo Agostinho,,,Budweiser_Lata,9.1 Oz Sleek,2026-12-08 06:00:00.000,"9597,13"
839,200,CAB_L1,Cabo de Santo Agostinho,,,Maguary_Caju,9.1 Oz Sleek,2026-12-09 06:00:00.000,"32249,28"
840,200,CAB_L1,Cabo de Santo Agostinho,,,Sukita_Laranja,12 Oz Standard,2026-12-09 06:00:00.000,"26859,05"
841,200,CAB_L1,Cabo de Santo Agostinho,,,Del_Valle_Pessego,9.1 Oz Sleek,2026-12-10 06:00:00.000,"32883,44"
842,200,CAB_L1,Cabo de Santo Agostinho,,,Coca_Cola_Zero,12 Oz Standard,2026-12-10 06:00:00.000,"25572,83"
843,200,CAB_L1,Cabo de Santo Agostinho,,,Del_Valle_Uva,12 Oz Standard,2026-12-11 06:00:00.000,"56648,09"
844,200,CAB_L1,Cabo de Santo Agostinho,,,Amstel_Lata,9.1 Oz Sleek,2026-12-12 06:00:00.000,"50234,73"
845,200,CAB_L1,Cabo de Santo Agostinho,,,Schweppes_Citrus,12 Oz Standard,2026-12-13 06:00:00.000,"22750,58"
846,200,CAB_L1,Cabo de Santo Agostinho,,,Sprite,12 Oz Standard,2026-12-13 06:00:00.000,"18870,35"
847,200,CAB_L1,Cabo de Santo Agostinho,,,Spaten_Lata,16 Oz Tall,2026-12-13 06:00:00.000,"11492,55"
848,200,CAB_L1,Cabo de Santo Agostinho,,,Brahma_Lata,12 Oz Standard,2026-12-14 06:00:00.000,"10726,0"
849,200,CAB_L1,Cabo de Santo Agostinho,,,Kuat,12 Oz Standard,2026-12-14 06:00:00.000,"52591,2"
850,200,CAB_L1,Cabo de Santo Agostinho,,,Del_Valle_Laranja,12 Oz Standard,2026-12-15 06:00:00.000,"61610,48"
851,200,CAB_L2,Cabo de Santo Agostinho,,,Fanta_Laranja,12 Oz Standard,2026-12-01 06:00:00.000,"57951,24"
852,200,CAB_L2,Cabo de Santo Agostinho,,,Itubaina,12 Oz Standard,2026-12-02 06:00:00.000,"14093,08"
853,200,CAB_L2,Cabo de Santo Agostinho,,,Sprite_Zero,9.1 Oz Sleek,2026-12-02 06:00:00.000,"15997,24"
854,200,CAB_L2,Cabo de Santo Agostinho,,,Guarana_Antarctica_Zero,12 Oz Standard,2026-12-02 06:00:00.000,"27192,13"
855,200,CAB_L2,Cabo de Santo Agostinho,,,Maguary_Caju,12 Oz Standard,2026-12-03 06:00:00.000,"37131,14"
856,200,CAB_L2,Cabo de Santo Agostinho,,,Del_Valle_Uva,12 Oz Standard,2026-12-03 06:00:00.000,"16861,1"
857,200,CAB_L2,Cabo de Santo Agostinho,,,Del_Valle_Laranja,9.1 Oz Sleek,2026-12-04 06:00:00.000,"58720,74"
858,200,CAB_L2,Cabo de Santo Agostinho,,,Maguary_Maracuja,12 Oz Standard,2026-12-05 06:00:00.000,"4518,55"
859,200,CAB_L2,Cabo de Santo Agostinho,,,Skol_Lata,12 Oz Standard,2026-12-05 06:00:00.000,"52465,11"
860,200,CAB_L2,Cabo de Santo Agostinho,,,Eisenbahn_Pilsen,12 Oz Standard,2026-12-06 06:00:00.000,"61888,88"
861,200,CAB_L2,Cabo de Santo Agostinho,,,Pepsi,12 Oz Standard,2026-12-07 06:00:00.000,"28551,44"
862,200,CAB_L2,Cabo de Santo Agostinho,,,Guarana_Antarctica_Zero,12 Oz Standard,2026-12-07 06:00:00.000,"31541,48"
863,200,CAB_L2,Cabo de Santo Agostinho,,,Del_Valle_Pessego,12 Oz Standard,2026-12-08 06:00:00.000,"13291,2"
864,200,CAB_L2,Cabo de Santo Agostinho,,,Coca_Cola,12 Oz Standard,2026-12-08 06:00:00.000,"25015,28"
865,200,CAB_L2,Cabo de Santo Agostinho,,,Pepsi_Black,12 Oz Standard,2026-12-08 06:00:00.000,"24328,4"
866,200,CAB_L2,Cabo de Santo Agostinho,,,Coca_Cola,16 Oz Tall,2026-12-09 06:00:00.000,"13351,16"
867,200,CAB_L2,Cabo de Santo Agostinho,,,Schweppes_Citrus,12 Oz Standard,2026-12-09 06:00:00.000,"32103,28"
868,200,CAB_L2,Cabo de Santo Agostinho,,,Heineken_Lata,12 Oz Standard,2026-12-09 06:00:00.000,"12732,21"
869,200,CAB_L2,Cabo de Santo Agostinho,,,Skol_Lata,12 Oz Standard,2026-12-10 06:00:00.000,"46177,33"
870,200,CAB_L2,Cabo de Santo Agostinho,,,Eisenbahn_Pilsen,16 Oz Tall,2026-12-10 06:00:00.000,"12290,11"
871,200,CAB_L2,Cabo de Santo Agostinho,,,Budweiser_Lata,12 Oz Standard,2026-12-11 06:00:00.000,"58745,29"
872,200,CAB_L2,Cabo de Santo Agostinho,,,Antarctica_Lata,12 Oz Standard,2026-12-12 06:00:00.000,"54374,54"
873,200,CAB_L2,Cabo de Santo Agostinho,,,Fanta_Uva,12 Oz Standard,2026-12-13 06:00:00.000,"53178,03"
874,200,CAB_L2,Cabo de Santo Agostinho,,,Guarana_Antarctica,12 Oz Standard,2026-12-13 06:00:00.000,"7542,06"
875,200,CAB_L2,Cabo de Santo Agostinho,,,Maguary_Maracuja,12 Oz Standard,2026-12-14 06:00:00.000,"16830,97"
876,200,CAB_L2,Cabo de Santo Agostinho,,,Guarana_Antarctica,12 Oz Standard,2026-12-14 06:00:00.000,"14733,85"
877,200,CAB_L2,Cabo de Santo Agostinho,,,Sprite,12 Oz Standard,2026-12-14 06:00:00.000,"26914,16"
878,200,CAB_L2,Cabo de Santo Agostinho,,,Sukita_Laranja,12 Oz Standard,2026-12-15 06:00:00.000,"27047,08"
879,200,CAB_L2,Cabo de Santo Agostinho,,,Fanta_Laranja,12 Oz Standard,2026-12-15 06:00:00.000,"32592,9"
880,200,CAB_L3,Cabo de Santo Agostinho,,,Brahma_Lata,12 Oz Standard,2026-12-01 06:00:00.000,"56015,76"
881,200,CAB_L3,Cabo de Santo Agostinho,,,Pepsi,12 Oz Standard,2026-12-02 06:00:00.000,"58879,78"
882,200,CAB_L3,Cabo de Santo Agostinho,,,Stella_Artois_Pure_Gold,12 Oz Standard,2026-12-03 06:00:00.000,"56653,16"
883,200,CAB_L3,Cabo de Santo Agostinho,,,Coca_Cola_Zero,12 Oz Standard,2026-12-04 06:00:00.000,"23124,47"
884,200,CAB_L3,Cabo de Santo Agostinho,,,Sprite_Zero,12 Oz Standard,2026-12-04 06:00:00.000,"10264,59"
885,200,CAB_L3,Cabo de Santo Agostinho,,,Del_Valle_Uva,12 Oz Standard,2026-12-04 06:00:00.000,"19316,67"
886,200,CAB_L3,Cabo de Santo Agostinho,,,Brahma_Lata,12 Oz Standard,2026-12-05 06:00:00.000,"26515,87"
887,200,CAB_L3,Cabo de Santo Agostinho,,,Amstel_Lata,12 Oz Standard,2026-12-05 06:00:00.000,"722,37"
888,200,CAB_L3,Cabo de Santo Agostinho,,,Coca_Cola_Zero,12 Oz Standard,2026-12-05 06:00:00.000,"25111,6"
889,200,CAB_L3,Cabo de Santo Agostinho,,,Itaipava_Lata,12 Oz Standard,2026-12-06 06:00:00.000,"55452,04"
890,200,CAB_L3,Cabo de Santo Agostinho,,,Itubaina,12 Oz Standard,2026-12-07 06:00:00.000,"16663,41"
891,200,CAB_L3,Cabo de Santo Agostinho,,,Eisenbahn_Pilsen,12 Oz Standard,2026-12-07 06:00:00.000,"43293,71"
892,200,CAB_L3,Cabo de Santo Agostinho,,,Sukita_Laranja,12 Oz Standard,2026-12-08 06:00:00.000,"30332,67"
893,200,CAB_L3,Cabo de Santo Agostinho,,,Guarana_Antarctica,12 Oz Standard,2026-12-08 06:00:00.000,"33330,55"
894,200,CAB_L3,Cabo de Santo Agostinho,,,Heineken_Lata,12 Oz Standard,2026-12-09 06:00:00.000,"53179,21"
895,200,CAB_L3,Cabo de Santo Agostinho,,,Maguary_Caju,12 Oz Standard,2026-12-10 06:00:00.000,"57080,23"
896,200,CAB_L3,Cabo de Santo Agostinho,,,Stella_Artois_Pure_Gold,12 Oz Standard,2026-12-11 06:00:00.000,"58024,19"
897,200,CAB_L3,Cabo de Santo Agostinho,,,H2OH_Limao,12 Oz Standard,2026-12-12 06:00:00.000,"27810,33"
898,200,CAB_L3,Cabo de Santo Agostinho,,,Antarctica_Lata,9.1 Oz Sleek,2026-12-12 06:00:00.000,"34082,15"
899,200,CAB_L3,Cabo de Santo Agostinho,,,Heineken_Lata,12 Oz Standard,2026-12-13 06:00:00.000,"17613,53"
900,200,CAB_L3,Cabo de Santo Agostinho,,,Antarctica_Lata,12 Oz Standard,2026-12-13 06:00:00.000,"45308,75"
901,200,CAB_L3,Cabo de Santo Agostinho,,,Sprite,12 Oz Standard,2026-12-14 06:00:00.000,"54299,9"
902,200,CAB_L3,Cabo de Santo Agostinho,,,Budweiser_Lata,12 Oz Standard,2026-12-15 06:00:00.000,"55883,01"
